MONTH,FL_DATE,MKT_UNIQUE_CARRIER,MKT_CARRIER_FL_NUM,ORIGIN_AIRPORT_ID,ORIGIN_AIRPORT_SEQ_ID,ORIGIN_CITY_MARKET_ID,DEST_AIRPORT_ID,DEST_AIRPORT_SEQ_ID,DEST_CITY_MARKET_ID,DEST,CRS_DEP_TIME,DEP_TIME,DEP_DELAY,CANCELLED,CANCELLATION_CODE,DIVERTED,CARRIER_DELAY,NAS_DELAY,SECURITY_DELAY,LATE_AIRCRAFT_DELAY
1,1/1/2026 12:00:00 AM,AA,5049,11057,1105704,31057,11146,1114608,31146,CRW,1620,1616,-4.00,0.00,,0.00,,,,
1,1/1/2026 12:00:00 AM,AA,5049,11146,1114608,31146,11057,1105704,31057,CLT,1759,1809,10.00,0.00,,0.00,,,,
1,1/1/2026 12:00:00 AM,AA,5231,11146,1114608,31146,11057,1105704,31057,CLT,0711,1152,281.00,0.00,,0.00,0.00,0.00,0.00,0.00
1,1/1/2026 12:00:00 AM,AA,5232,11057,1105704,31057,11146,1114608,31146,CRW,1140,,,1.00,B,0.00,,,,
1,1/1/2026 12:00:00 AM,AA,5232,11146,1114608,31146,11057,1105704,31057,CLT,1326,,,1.00,B,0.00,,,,
1,1/1/2026 12:00:00 AM,AA,5263,11057,1105704,31057,11146,1114608,31146,CRW,2305,2301,-4.00,0.00,,0.00,,,,
1,1/1/2026 12:00:00 AM,AA,5366,11057,1105704,31057,11146,1114608,31146,CRW,0920,,,1.00,B,0.00,,,,
1,1/1/2026 12:00:00 AM,AA,5366,11146,1114608,31146,11057,1105704,31057,CLT,1111,,,1.00,B,0.00,,,,
1,1/1/2026 12:00:00 AM,AA,5900,11057,1105704,31057,12223,1222305,32223,HTS,1350,1349,-1.00,0.00,,0.00,,,,
1,1/1/2026 12:00:00 AM,AA,5900,12223,1222305,32223,11057,1105704,31057,CLT,1540,1537,-3.00,0.00,,0.00,,,,
1,1/1/2026 12:00:00 AM,AA,5922,11057,1105704,31057,12223,1222305,32223,HTS,2234,2226,-8.00,0.00,,0.00,,,,
1,1/1/2026 12:00:00 AM,AA,5955,12223,1222305,32223,11057,1105704,31057,CLT,0500,0452,-8.00,0.00,,0.00,,,,
1,1/1/2026 12:00:00 AM,AA,5985,11057,1105704,31057,12223,1222305,32223,HTS,0910,0904,-6.00,0.00,,0.00,,,,
1,1/1/2026 12:00:00 AM,AA,5985,12223,1222305,32223,11057,1105704,31057,CLT,1107,1114,7.00,0.00,,0.00,,,,
1,1/1/2026 12:00:00 AM,DL,5106,11146,1114608,31146,10397,1039708,30397,ATL,0600,0550,-10.00,0.00,,0.00,0.00,39.00,0.00,0.00
1,1/1/2026 12:00:00 AM,DL,5111,10397,1039708,30397,11146,1114608,31146,CRW,1015,1129,74.00,0.00,,0.00,0.00,0.00,0.00,0.00
1,1/1/2026 12:00:00 AM,DL,5111,11146,1114608,31146,10397,1039708,30397,ATL,1225,1333,68.00,0.00,,0.00,3.00,8.00,0.00,65.00
1,1/1/2026 12:00:00 AM,DL,5147,10397,1039708,30397,11146,1114608,31146,CRW,1930,1922,-8.00,0.00,,0.00,,,,
1,1/1/2026 12:00:00 AM,G4,1227,14761,1476108,34761,11027,1102705,31027,CKB,1625,1642,17.00,0.00,,0.00,0.00,22.00,0.00,17.00
1,1/1/2026 12:00:00 AM,G4,2832,11027,1102705,31027,14761,1476108,34761,SFB,1915,2046,91.00,0.00,,0.00,52.00,0.00,0.00,16.00
1,1/1/2026 12:00:00 AM,G4,2880,12223,1222305,32223,14761,1476108,34761,SFB,1343,1423,40.00,0.00,,0.00,18.00,0.00,0.00,0.00
1,1/1/2026 12:00:00 AM,G4,2924,14761,1476108,34761,12223,1222305,32223,HTS,1100,1109,9.00,0.00,,0.00,0.00,11.00,9.00,0.00
1,1/1/2026 12:00:00 AM,UA,4697,11146,1114608,31146,13930,1393008,30977,ORD,1357,1427,30.00,0.00,,0.00,0.00,0.00,0.00,28.00
1,1/1/2026 12:00:00 AM,UA,5134,13282,1328207,33282,13930,1393008,30977,ORD,1050,1324,154.00,0.00,,0.00,0.00,25.00,0.00,0.00
1,1/1/2026 12:00:00 AM,UA,5138,13930,1393008,30977,13282,1328207,33282,MGW,2117,0655,578.00,0.00,,0.00,0.00,611.00,0.00,0.00
1,1/1/2026 12:00:00 AM,UA,5289,13930,1393008,30977,11146,1114608,31146,CRW,1035,1118,43.00,0.00,,0.00,0.00,0.00,0.00,24.00
1,1/1/2026 12:00:00 AM,UA,5790,13930,1393008,30977,11146,1114608,31146,CRW,1751,1808,17.00,0.00,,0.00,17.00,18.00,0.00,0.00
1,1/1/2026 12:00:00 AM,UA,5801,11146,1114608,31146,13930,1393008,30977,ORD,0700,1203,303.00,0.00,,0.00,0.00,13.00,0.00,303.00
1,1/2/2026 12:00:00 AM,AA,5049,11057,1105704,31057,11146,1114608,31146,CRW,1620,1621,1.00,0.00,,0.00,,,,
1,1/2/2026 12:00:00 AM,AA,5049,11146,1114608,31146,11057,1105704,31057,CLT,1759,1757,-2.00,0.00,,0.00,,,,
1,1/2/2026 12:00:00 AM,AA,5231,11146,1114608,31146,11057,1105704,31057,CLT,0711,0712,1.00,0.00,,0.00,,,,
1,1/2/2026 12:00:00 AM,AA,5263,11057,1105704,31057,11146,1114608,31146,CRW,2305,2258,-7.00,0.00,,0.00,,,,
1,1/2/2026 12:00:00 AM,AA,5366,11057,1105704,31057,11146,1114608,31146,CRW,0920,0929,9.00,0.00,,0.00,,,,
1,1/2/2026 12:00:00 AM,AA,5366,11146,1114608,31146,11057,1105704,31057,CLT,1111,1123,12.00,0.00,,0.00,5.00,4.00,0.00,7.00
1,1/2/2026 12:00:00 AM,AA,5900,11057,1105704,31057,12223,1222305,32223,HTS,1350,1342,-8.00,0.00,,0.00,,,,
1,1/2/2026 12:00:00 AM,AA,5900,12223,1222305,32223,11057,1105704,31057,CLT,1540,1527,-13.00,0.00,,0.00,,,,
1,1/2/2026 12:00:00 AM,AA,5922,11057,1105704,31057,12223,1222305,32223,HTS,2234,2226,-8.00,0.00,,0.00,,,,
1,1/2/2026 12:00:00 AM,AA,5955,12223,1222305,32223,11057,1105704,31057,CLT,0500,0449,-11.00,0.00,,0.00,,,,
1,1/2/2026 12:00:00 AM,AA,5985,11057,1105704,31057,12223,1222305,32223,HTS,0910,0902,-8.00,0.00,,0.00,,,,
1,1/2/2026 12:00:00 AM,AA,5985,12223,1222305,32223,11057,1105704,31057,CLT,1107,1055,-12.00,0.00,,0.00,,,,
1,1/2/2026 12:00:00 AM,DL,5106,11146,1114608,31146,10397,1039708,30397,ATL,0600,0554,-6.00,0.00,,0.00,,,,
1,1/2/2026 12:00:00 AM,DL,5111,10397,1039708,30397,11146,1114608,31146,CRW,1015,1009,-6.00,0.00,,0.00,,,,
1,1/2/2026 12:00:00 AM,DL,5111,11146,1114608,31146,10397,1039708,30397,ATL,1225,1218,-7.00,0.00,,0.00,,,,
1,1/2/2026 12:00:00 AM,DL,5147,10397,1039708,30397,11146,1114608,31146,CRW,2045,2219,94.00,0.00,,0.00,25.00,0.00,0.00,68.00
1,1/2/2026 12:00:00 AM,UA,4697,11146,1114608,31146,13930,1393008,30977,ORD,1357,1347,-10.00,0.00,,0.00,,,,
1,1/2/2026 12:00:00 AM,UA,5025,12264,1226403,30852,13282,1328207,33282,MGW,0845,0835,-10.00,0.00,,0.00,,,,
1,1/2/2026 12:00:00 AM,UA,5078,13282,1328207,33282,12264,1226403,30852,IAD,0615,1042,267.00,0.00,,0.00,0.00,5.00,0.00,267.00
1,1/2/2026 12:00:00 AM,UA,5134,13282,1328207,33282,13930,1393008,30977,ORD,1050,1117,27.00,0.00,,0.00,23.00,0.00,0.00,0.00
1,1/2/2026 12:00:00 AM,UA,5138,13930,1393008,30977,13282,1328207,33282,MGW,2117,2242,85.00,0.00,,0.00,66.00,0.00,0.00,0.00
1,1/2/2026 12:00:00 AM,UA,5289,13930,1393008,30977,11146,1114608,31146,CRW,1035,1033,-2.00,0.00,,0.00,,,,
1,1/2/2026 12:00:00 AM,UA,5790,13930,1393008,30977,11146,1114608,31146,CRW,1751,1745,-6.00,0.00,,0.00,,,,
1,1/2/2026 12:00:00 AM,UA,5801,11146,1114608,31146,13930,1393008,30977,ORD,0700,0705,5.00,0.00,,0.00,,,,
1,1/3/2026 12:00:00 AM,AA,5049,11057,1105704,31057,11146,1114608,31146,CRW,1620,1617,-3.00,0.00,,0.00,,,,
1,1/3/2026 12:00:00 AM,AA,5049,11146,1114608,31146,11057,1105704,31057,CLT,1759,1751,-8.00,0.00,,0.00,,,,
1,1/3/2026 12:00:00 AM,AA,5231,11146,1114608,31146,11057,1105704,31057,CLT,0711,0708,-3.00,0.00,,0.00,,,,
1,1/3/2026 12:00:00 AM,AA,5263,11057,1105704,31057,11146,1114608,31146,CRW,2230,2226,-4.00,0.00,,0.00,,,,
1,1/3/2026 12:00:00 AM,AA,5366,11057,1105704,31057,11146,1114608,31146,CRW,0920,0945,25.00,0.00,,0.00,0.00,28.00,0.00,25.00
1,1/3/2026 12:00:00 AM,AA,5366,11146,1114608,31146,11057,1105704,31057,CLT,1111,1203,52.00,0.00,,0.00,0.00,0.00,0.00,45.00
1,1/3/2026 12:00:00 AM,AA,5900,11057,1105704,31057,12223,1222305,32223,HTS,1405,1359,-6.00,0.00,,0.00,,,,
1,1/3/2026 12:00:00 AM,AA,5900,12223,1222305,32223,11057,1105704,31057,CLT,1545,1540,-5.00,0.00,,0.00,,,,
1,1/3/2026 12:00:00 AM,AA,5922,11057,1105704,31057,12223,1222305,32223,HTS,2234,2227,-7.00,0.00,,0.00,,,,
1,1/3/2026 12:00:00 AM,AA,5955,12223,1222305,32223,11057,1105704,31057,CLT,0500,0451,-9.00,0.00,,0.00,,,,
1,1/3/2026 12:00:00 AM,AA,5985,11057,1105704,31057,12223,1222305,32223,HTS,0910,0901,-9.00,0.00,,0.00,,,,
1,1/3/2026 12:00:00 AM,AA,5985,12223,1222305,32223,11057,1105704,31057,CLT,1107,1059,-8.00,0.00,,0.00,,,,
1,1/3/2026 12:00:00 AM,DL,5106,11146,1114608,31146,10397,1039708,30397,ATL,0600,0552,-8.00,0.00,,0.00,,,,
1,1/3/2026 12:00:00 AM,DL,5111,10397,1039708,30397,11146,1114608,31146,CRW,1015,1010,-5.00,0.00,,0.00,,,,
1,1/3/2026 12:00:00 AM,DL,5111,11146,1114608,31146,10397,1039708,30397,ATL,1225,1216,-9.00,0.00,,0.00,,,,
1,1/3/2026 12:00:00 AM,DL,5147,10397,1039708,30397,11146,1114608,31146,CRW,2045,2035,-10.00,0.00,,0.00,,,,
1,1/3/2026 12:00:00 AM,G4,1030,14112,1411206,33195,12223,1222305,32223,HTS,1244,1321,37.00,0.00,,0.00,0.00,0.00,0.00,28.00
1,1/3/2026 12:00:00 AM,G4,1214,12223,1222305,32223,14761,1476108,34761,SFB,2124,2352,148.00,0.00,,0.00,4.00,32.00,0.00,144.00
1,1/3/2026 12:00:00 AM,G4,1241,14761,1476108,34761,12223,1222305,32223,HTS,1841,2101,140.00,0.00,,0.00,140.00,4.00,0.00,0.00
1,1/3/2026 12:00:00 AM,G4,2131,11697,1169707,32467,12223,1222305,32223,HTS,0815,0833,18.00,0.00,,0.00,0.00,16.00,0.00,0.00
1,1/3/2026 12:00:00 AM,G4,2134,12223,1222305,32223,11697,1169707,32467,FLL,1135,1230,55.00,0.00,,0.00,0.00,0.00,0.00,6.00
1,1/3/2026 12:00:00 AM,G4,2651,12223,1222305,32223,14112,1411206,33195,PIE,1529,1630,61.00,0.00,,0.00,0.00,62.00,0.00,0.00
1,1/3/2026 12:00:00 AM,UA,4697,11146,1114608,31146,13930,1393008,30977,ORD,1357,1425,28.00,0.00,,0.00,,,,
1,1/3/2026 12:00:00 AM,UA,5025,12264,1226403,30852,13282,1328207,33282,MGW,0845,0844,-1.00,0.00,,0.00,,,,
1,1/3/2026 12:00:00 AM,UA,5078,13282,1328207,33282,12264,1226403,30852,IAD,0615,0607,-8.00,0.00,,0.00,,,,
1,1/3/2026 12:00:00 AM,UA,5134,13282,1328207,33282,13930,1393008,30977,ORD,1050,1041,-9.00,0.00,,0.00,,,,
1,1/3/2026 12:00:00 AM,UA,5138,13930,1393008,30977,13282,1328207,33282,MGW,2117,0043,206.00,0.00,,0.00,186.00,0.00,0.00,0.00
1,1/3/2026 12:00:00 AM,UA,5289,13930,1393008,30977,11146,1114608,31146,CRW,1035,1120,45.00,0.00,,0.00,0.00,0.00,0.00,35.00
1,1/3/2026 12:00:00 AM,UA,5790,13930,1393008,30977,11146,1114608,31146,CRW,1751,1748,-3.00,0.00,,0.00,18.00,0.00,0.00,0.00
1,1/3/2026 12:00:00 AM,UA,5801,11146,1114608,31146,13930,1393008,30977,ORD,0700,0651,-9.00,0.00,,0.00,,,,
1,1/4/2026 12:00:00 AM,AA,5049,11057,1105704,31057,11146,1114608,31146,CRW,1620,1641,21.00,0.00,,0.00,0.00,0.00,16.00,0.00
1,1/4/2026 12:00:00 AM,AA,5049,11146,1114608,31146,11057,1105704,31057,CLT,1759,1818,19.00,0.00,,0.00,3.00,0.00,0.00,14.00
1,1/4/2026 12:00:00 AM,AA,5231,11146,1114608,31146,11057,1105704,31057,CLT,0711,0704,-7.00,0.00,,0.00,,,,
1,1/4/2026 12:00:00 AM,AA,5263,11057,1105704,31057,11146,1114608,31146,CRW,2305,2257,-8.00,0.00,,0.00,,,,
1,1/4/2026 12:00:00 AM,AA,5366,11057,1105704,31057,11146,1114608,31146,CRW,0920,0923,3.00,0.00,,0.00,,,,
1,1/4/2026 12:00:00 AM,AA,5366,11146,1114608,31146,11057,1105704,31057,CLT,1111,1110,-1.00,0.00,,0.00,,,,
1,1/4/2026 12:00:00 AM,AA,5900,11057,1105704,31057,12223,1222305,32223,HTS,1350,1342,-8.00,0.00,,0.00,,,,
1,1/4/2026 12:00:00 AM,AA,5900,12223,1222305,32223,11057,1105704,31057,CLT,1540,1528,-12.00,0.00,,0.00,,,,
1,1/4/2026 12:00:00 AM,AA,5922,11057,1105704,31057,12223,1222305,32223,HTS,2234,2226,-8.00,0.00,,0.00,,,,
1,1/4/2026 12:00:00 AM,AA,5955,12223,1222305,32223,11057,1105704,31057,CLT,0500,0449,-11.00,0.00,,0.00,,,,
1,1/4/2026 12:00:00 AM,AA,5985,11057,1105704,31057,12223,1222305,32223,HTS,0910,0903,-7.00,0.00,,0.00,,,,
1,1/4/2026 12:00:00 AM,AA,5985,12223,1222305,32223,11057,1105704,31057,CLT,1107,1113,6.00,0.00,,0.00,,,,
1,1/4/2026 12:00:00 AM,DL,3911,10397,1039708,30397,11146,1114608,31146,CRW,2045,2045,0.00,0.00,,0.00,,,,
1,1/4/2026 12:00:00 AM,DL,5106,11146,1114608,31146,10397,1039708,30397,ATL,0600,0557,-3.00,0.00,,0.00,,,,
1,1/4/2026 12:00:00 AM,DL,5111,10397,1039708,30397,11146,1114608,31146,CRW,1015,1012,-3.00,0.00,,0.00,,,,
1,1/4/2026 12:00:00 AM,DL,5111,11146,1114608,31146,10397,1039708,30397,ATL,1225,1213,-12.00,0.00,,0.00,,,,
1,1/4/2026 12:00:00 AM,G4,1227,14761,1476108,34761,12223,1222305,32223,HTS,1303,1327,24.00,0.00,,0.00,21.00,16.00,0.00,3.00
1,1/4/2026 12:00:00 AM,G4,1347,11027,1102705,31027,14761,1476108,34761,SFB,1510,1600,50.00,0.00,,0.00,15.00,0.00,0.00,25.00
1,1/4/2026 12:00:00 AM,G4,2832,12223,1222305,32223,14761,1476108,34761,SFB,1539,1637,58.00,0.00,,0.00,18.00,0.00,0.00,36.00
1,1/4/2026 12:00:00 AM,G4,2916,14761,1476108,34761,11027,1102705,31027,CKB,1227,1250,23.00,0.00,,0.00,10.00,12.00,0.00,13.00
1,1/4/2026 12:00:00 AM,UA,4697,11146,1114608,31146,13930,1393008,30977,ORD,1357,1344,-13.00,0.00,,0.00,,,,
1,1/4/2026 12:00:00 AM,UA,5025,12264,1226403,30852,13282,1328207,33282,MGW,0845,1013,88.00,0.00,,0.00,0.00,0.00,0.00,69.00
1,1/4/2026 12:00:00 AM,UA,5078,13282,1328207,33282,12264,1226403,30852,IAD,0615,0609,-6.00,0.00,,0.00,,,,
1,1/4/2026 12:00:00 AM,UA,5134,13282,1328207,33282,13930,1393008,30977,ORD,1050,1130,40.00,0.00,,0.00,0.00,0.00,0.00,19.00
1,1/4/2026 12:00:00 AM,UA,5138,13930,1393008,30977,13282,1328207,33282,MGW,2117,2113,-4.00,0.00,,0.00,,,,
1,1/4/2026 12:00:00 AM,UA,5289,13930,1393008,30977,11146,1114608,31146,CRW,1035,1033,-2.00,0.00,,0.00,,,,
1,1/4/2026 12:00:00 AM,UA,5790,13930,1393008,30977,11146,1114608,31146,CRW,1751,1749,-2.00,0.00,,0.00,,,,
1,1/4/2026 12:00:00 AM,UA,5801,11146,1114608,31146,13930,1393008,30977,ORD,0700,0652,-8.00,0.00,,0.00,,,,
1,1/5/2026 12:00:00 AM,AA,5049,11057,1105704,31057,11146,1114608,31146,CRW,1620,1647,27.00,0.00,,0.00,0.00,12.00,21.00,6.00
1,1/5/2026 12:00:00 AM,AA,5049,11146,1114608,31146,11057,1105704,31057,CLT,1759,1831,32.00,0.00,,0.00,0.00,0.00,0.00,18.00
1,1/5/2026 12:00:00 AM,AA,5231,11146,1114608,31146,11057,1105704,31057,CLT,0711,0703,-8.00,0.00,,0.00,,,,
1,1/5/2026 12:00:00 AM,AA,5232,11057,1105704,31057,11146,1114608,31146,CRW,1140,1148,8.00,0.00,,0.00,8.00,11.00,0.00,0.00
1,1/5/2026 12:00:00 AM,AA,5232,11146,1114608,31146,11057,1105704,31057,CLT,1326,1339,13.00,0.00,,0.00,,,,
1,1/5/2026 12:00:00 AM,AA,5263,11057,1105704,31057,11146,1114608,31146,CRW,2305,2302,-3.00,0.00,,0.00,,,,
1,1/5/2026 12:00:00 AM,AA,5366,11057,1105704,31057,11146,1114608,31146,CRW,0920,0915,-5.00,0.00,,0.00,,,,
1,1/5/2026 12:00:00 AM,AA,5366,11146,1114608,31146,11057,1105704,31057,CLT,1111,1108,-3.00,0.00,,0.00,,,,
1,1/5/2026 12:00:00 AM,AA,5900,11057,1105704,31057,12223,1222305,32223,HTS,1350,1342,-8.00,0.00,,0.00,,,,
1,1/5/2026 12:00:00 AM,AA,5900,12223,1222305,32223,11057,1105704,31057,CLT,1540,1533,-7.00,0.00,,0.00,,,,
1,1/5/2026 12:00:00 AM,AA,5922,11057,1105704,31057,12223,1222305,32223,HTS,2234,2225,-9.00,0.00,,0.00,,,,
1,1/5/2026 12:00:00 AM,AA,5955,12223,1222305,32223,11057,1105704,31057,CLT,0500,0449,-11.00,0.00,,0.00,,,,
1,1/5/2026 12:00:00 AM,AA,5985,11057,1105704,31057,12223,1222305,32223,HTS,0910,0905,-5.00,0.00,,0.00,,,,
1,1/5/2026 12:00:00 AM,AA,5985,12223,1222305,32223,11057,1105704,31057,CLT,1107,1055,-12.00,0.00,,0.00,,,,
1,1/5/2026 12:00:00 AM,DL,3702,10397,1039708,30397,11146,1114608,31146,CRW,1010,1011,1.00,0.00,,0.00,,,,
1,1/5/2026 12:00:00 AM,DL,3702,11146,1114608,31146,10397,1039708,30397,ATL,1220,1213,-7.00,0.00,,0.00,,,,
1,1/5/2026 12:00:00 AM,DL,3805,11146,1114608,31146,10397,1039708,30397,ATL,0615,0606,-9.00,0.00,,0.00,,,,
1,1/5/2026 12:00:00 AM,DL,3810,10397,1039708,30397,11146,1114608,31146,CRW,2115,2305,110.00,0.00,,0.00,0.00,0.00,0.00,0.00
1,1/5/2026 12:00:00 AM,DL,3811,11146,1114608,31146,10397,1039708,30397,ATL,1720,2107,227.00,0.00,,0.00,0.00,0.00,0.00,0.00
1,1/5/2026 12:00:00 AM,DL,4021,10397,1039708,30397,11146,1114608,31146,CRW,1517,1921,244.00,0.00,,0.00,0.00,0.00,0.00,0.00
1,1/5/2026 12:00:00 AM,G4,2620,14112,1411206,33195,12223,1222305,32223,HTS,1854,2136,162.00,0.00,,0.00,108.00,22.00,0.00,54.00
1,1/5/2026 12:00:00 AM,G4,2635,12223,1222305,32223,14112,1411206,33195,PIE,2137,0042,185.00,0.00,,0.00,1.00,9.00,0.00,184.00
1,1/5/2026 12:00:00 AM,UA,4697,11146,1114608,31146,13930,1393008,30977,ORD,1357,1345,-12.00,0.00,,0.00,,,,
1,1/5/2026 12:00:00 AM,UA,5025,12264,1226403,30852,13282,1328207,33282,MGW,0845,0835,-10.00,0.00,,0.00,,,,
1,1/5/2026 12:00:00 AM,UA,5078,13282,1328207,33282,12264,1226403,30852,IAD,0615,0605,-10.00,0.00,,0.00,,,,
1,1/5/2026 12:00:00 AM,UA,5134,13282,1328207,33282,13930,1393008,30977,ORD,1050,1045,-5.00,0.00,,0.00,,,,
1,1/5/2026 12:00:00 AM,UA,5138,13930,1393008,30977,13282,1328207,33282,MGW,2117,2109,-8.00,0.00,,0.00,,,,
1,1/5/2026 12:00:00 AM,UA,5289,13930,1393008,30977,11146,1114608,31146,CRW,1035,1028,-7.00,0.00,,0.00,,,,
1,1/5/2026 12:00:00 AM,UA,5790,13930,1393008,30977,11146,1114608,31146,CRW,1751,1751,0.00,0.00,,0.00,,,,
1,1/5/2026 12:00:00 AM,UA,5801,11146,1114608,31146,13930,1393008,30977,ORD,0700,0649,-11.00,0.00,,0.00,,,,
1,1/6/2026 12:00:00 AM,AA,5049,11057,1105704,31057,11146,1114608,31146,CRW,1723,1717,-6.00,0.00,,0.00,,,,
1,1/6/2026 12:00:00 AM,AA,5049,11146,1114608,31146,11057,1105704,31057,CLT,1912,1902,-10.00,0.00,,0.00,,,,
1,1/6/2026 12:00:00 AM,AA,5153,11146,1114608,31146,11278,1127805,30852,DCA,0542,0534,-8.00,0.00,,0.00,,,,
1,1/6/2026 12:00:00 AM,AA,5232,11057,1105704,31057,11146,1114608,31146,CRW,1035,1031,-4.00,0.00,,0.00,,,,
1,1/6/2026 12:00:00 AM,AA,5232,11146,1114608,31146,11057,1105704,31057,CLT,1224,1217,-7.00,0.00,,0.00,,,,
1,1/6/2026 12:00:00 AM,AA,5263,11057,1105704,31057,11146,1114608,31146,CRW,2154,2147,-7.00,0.00,,0.00,,,,
1,1/6/2026 12:00:00 AM,AA,5367,11278,1127805,30852,11146,1114608,31146,CRW,2040,2052,12.00,0.00,,0.00,,,,
1,1/6/2026 12:00:00 AM,AA,5900,11057,1105704,31057,12223,1222305,32223,HTS,1533,1546,13.00,0.00,,0.00,,,,
1,1/6/2026 12:00:00 AM,AA,5900,12223,1222305,32223,11057,1105704,31057,CLT,1720,1723,3.00,0.00,,0.00,,,,
1,1/6/2026 12:00:00 AM,AA,5922,11057,1105704,31057,12223,1222305,32223,HTS,2149,2142,-7.00,0.00,,0.00,,,,
1,1/6/2026 12:00:00 AM,AA,5955,12223,1222305,32223,11057,1105704,31057,CLT,0600,0547,-13.00,0.00,,0.00,,,,
1,1/6/2026 12:00:00 AM,AA,5985,11057,1105704,31057,12223,1222305,32223,HTS,0950,0946,-4.00,0.00,,0.00,,,,
1,1/6/2026 12:00:00 AM,AA,5985,12223,1222305,32223,11057,1105704,31057,CLT,1140,1131,-9.00,0.00,,0.00,,,,
1,1/6/2026 12:00:00 AM,DL,3702,10397,1039708,30397,11146,1114608,31146,CRW,1010,1019,9.00,0.00,,0.00,,,,
1,1/6/2026 12:00:00 AM,DL,3702,11146,1114608,31146,10397,1039708,30397,ATL,1220,1222,2.00,0.00,,0.00,,,,
1,1/6/2026 12:00:00 AM,DL,3805,11146,1114608,31146,10397,1039708,30397,ATL,0615,0605,-10.00,0.00,,0.00,,,,
1,1/6/2026 12:00:00 AM,DL,3810,10397,1039708,30397,11146,1114608,31146,CRW,2115,2324,129.00,0.00,,0.00,123.00,0.00,0.00,0.00
1,1/6/2026 12:00:00 AM,DL,3811,11146,1114608,31146,10397,1039708,30397,ATL,1720,1758,38.00,0.00,,0.00,,,,
1,1/6/2026 12:00:00 AM,DL,4021,10397,1039708,30397,11146,1114608,31146,CRW,1517,1538,21.00,0.00,,0.00,20.00,0.00,0.00,0.00
1,1/6/2026 12:00:00 AM,UA,4644,11146,1114608,31146,13930,1393008,30977,ORD,1737,1727,-10.00,0.00,,0.00,,,,
1,1/6/2026 12:00:00 AM,UA,5025,12264,1226403,30852,13282,1328207,33282,MGW,2219,2204,-15.00,0.00,,0.00,,,,
1,1/6/2026 12:00:00 AM,UA,5045,13282,1328207,33282,12264,1226403,30852,IAD,2005,1950,-15.00,0.00,,0.00,,,,
1,1/6/2026 12:00:00 AM,UA,5134,13282,1328207,33282,13930,1393008,30977,ORD,0840,0830,-10.00,0.00,,0.00,,,,
1,1/6/2026 12:00:00 AM,UA,5138,13930,1393008,30977,13282,1328207,33282,MGW,1620,1621,1.00,0.00,,0.00,,,,
1,1/6/2026 12:00:00 AM,UA,5439,13930,1393008,30977,11146,1114608,31146,CRW,1417,1410,-7.00,0.00,,0.00,,,,
1,1/6/2026 12:00:00 AM,UA,5790,13930,1393008,30977,11146,1114608,31146,CRW,1809,1802,-7.00,0.00,,0.00,,,,
1,1/6/2026 12:00:00 AM,UA,5801,11146,1114608,31146,13930,1393008,30977,ORD,0650,0637,-13.00,0.00,,0.00,,,,
1,1/7/2026 12:00:00 AM,AA,5049,11057,1105704,31057,11146,1114608,31146,CRW,1723,1722,-1.00,0.00,,0.00,,,,
1,1/7/2026 12:00:00 AM,AA,5049,11146,1114608,31146,11057,1105704,31057,CLT,1912,1903,-9.00,0.00,,0.00,,,,
1,1/7/2026 12:00:00 AM,AA,5153,11146,1114608,31146,11278,1127805,30852,DCA,0549,0556,7.00,0.00,,0.00,,,,
1,1/7/2026 12:00:00 AM,AA,5231,11146,1114608,31146,11057,1105704,31057,CLT,0745,0923,98.00,0.00,,0.00,0.00,0.00,0.00,0.00
1,1/7/2026 12:00:00 AM,AA,5232,11057,1105704,31057,11146,1114608,31146,CRW,1035,1028,-7.00,0.00,,0.00,,,,
1,1/7/2026 12:00:00 AM,AA,5232,11146,1114608,31146,11057,1105704,31057,CLT,1224,1212,-12.00,0.00,,0.00,,,,
1,1/7/2026 12:00:00 AM,AA,5263,11057,1105704,31057,11146,1114608,31146,CRW,2154,2150,-4.00,0.00,,0.00,,,,
1,1/7/2026 12:00:00 AM,AA,5367,11278,1127805,30852,11146,1114608,31146,CRW,2040,2032,-8.00,0.00,,0.00,,,,
1,1/7/2026 12:00:00 AM,AA,5900,11057,1105704,31057,12223,1222305,32223,HTS,1533,1526,-7.00,0.00,,0.00,,,,
1,1/7/2026 12:00:00 AM,AA,5900,12223,1222305,32223,11057,1105704,31057,CLT,1720,1712,-8.00,0.00,,0.00,,,,
1,1/7/2026 12:00:00 AM,AA,5922,11057,1105704,31057,12223,1222305,32223,HTS,2149,2140,-9.00,0.00,,0.00,,,,
1,1/7/2026 12:00:00 AM,AA,5955,12223,1222305,32223,11057,1105704,31057,CLT,0600,0547,-13.00,0.00,,0.00,,,,
1,1/7/2026 12:00:00 AM,AA,5985,11057,1105704,31057,12223,1222305,32223,HTS,0950,0942,-8.00,0.00,,0.00,,,,
1,1/7/2026 12:00:00 AM,AA,5985,12223,1222305,32223,11057,1105704,31057,CLT,1140,1129,-11.00,0.00,,0.00,,,,
1,1/7/2026 12:00:00 AM,DL,3702,10397,1039708,30397,11146,1114608,31146,CRW,1010,1001,-9.00,0.00,,0.00,,,,
1,1/7/2026 12:00:00 AM,DL,3702,11146,1114608,31146,10397,1039708,30397,ATL,1220,1211,-9.00,0.00,,0.00,,,,
1,1/7/2026 12:00:00 AM,DL,3805,11146,1114608,31146,10397,1039708,30397,ATL,0615,0625,10.00,0.00,,0.00,,,,
1,1/7/2026 12:00:00 AM,DL,3810,10397,1039708,30397,11146,1114608,31146,CRW,2115,2109,-6.00,0.00,,0.00,,,,
1,1/7/2026 12:00:00 AM,DL,3811,11146,1114608,31146,10397,1039708,30397,ATL,1720,1720,0.00,0.00,,0.00,,,,
1,1/7/2026 12:00:00 AM,DL,4021,10397,1039708,30397,11146,1114608,31146,CRW,1517,1511,-6.00,0.00,,0.00,,,,
1,1/7/2026 12:00:00 AM,UA,4644,11146,1114608,31146,13930,1393008,30977,ORD,1737,1730,-7.00,0.00,,0.00,15.00,0.00,0.00,0.00
1,1/7/2026 12:00:00 AM,UA,5025,12264,1226403,30852,13282,1328207,33282,MGW,2219,2206,-13.00,0.00,,0.00,,,,
1,1/7/2026 12:00:00 AM,UA,5045,13282,1328207,33282,12264,1226403,30852,IAD,2005,1950,-15.00,0.00,,0.00,,,,
1,1/7/2026 12:00:00 AM,UA,5134,13282,1328207,33282,13930,1393008,30977,ORD,0840,0829,-11.00,0.00,,0.00,,,,
1,1/7/2026 12:00:00 AM,UA,5138,13930,1393008,30977,13282,1328207,33282,MGW,1620,1617,-3.00,0.00,,0.00,,,,
1,1/7/2026 12:00:00 AM,UA,5439,13930,1393008,30977,11146,1114608,31146,CRW,1417,1407,-10.00,0.00,,0.00,,,,
1,1/7/2026 12:00:00 AM,UA,5790,13930,1393008,30977,11146,1114608,31146,CRW,1809,1806,-3.00,0.00,,0.00,,,,
1,1/7/2026 12:00:00 AM,UA,5801,11146,1114608,31146,13930,1393008,30977,ORD,0650,1527,517.00,0.00,,0.00,492.00,0.00,0.00,0.00
1,1/8/2026 12:00:00 AM,AA,5049,11057,1105704,31057,11146,1114608,31146,CRW,1723,1752,29.00,0.00,,0.00,17.00,0.00,0.00,0.00
1,1/8/2026 12:00:00 AM,AA,5049,11146,1114608,31146,11057,1105704,31057,CLT,1912,1922,10.00,0.00,,0.00,,,,
1,1/8/2026 12:00:00 AM,AA,5153,11146,1114608,31146,11278,1127805,30852,DCA,0549,0546,-3.00,0.00,,0.00,0.00,24.00,0.00,0.00
1,1/8/2026 12:00:00 AM,AA,5231,11146,1114608,31146,11057,1105704,31057,CLT,0745,0733,-12.00,0.00,,0.00,,,,
1,1/8/2026 12:00:00 AM,AA,5232,11057,1105704,31057,11146,1114608,31146,CRW,1035,1039,4.00,0.00,,0.00,,,,
1,1/8/2026 12:00:00 AM,AA,5232,11146,1114608,31146,11057,1105704,31057,CLT,1224,1217,-7.00,0.00,,0.00,,,,
1,1/8/2026 12:00:00 AM,AA,5263,11057,1105704,31057,11146,1114608,31146,CRW,2154,2158,4.00,0.00,,0.00,,,,
1,1/8/2026 12:00:00 AM,AA,5367,11278,1127805,30852,11146,1114608,31146,CRW,2040,2030,-10.00,0.00,,0.00,,,,
1,1/8/2026 12:00:00 AM,AA,5900,11057,1105704,31057,12223,1222305,32223,HTS,1533,1532,-1.00,0.00,,0.00,,,,
1,1/8/2026 12:00:00 AM,AA,5900,12223,1222305,32223,11057,1105704,31057,CLT,1720,1708,-12.00,0.00,,0.00,,,,
1,1/8/2026 12:00:00 AM,AA,5922,11057,1105704,31057,12223,1222305,32223,HTS,2149,2139,-10.00,0.00,,0.00,,,,
1,1/8/2026 12:00:00 AM,AA,5955,12223,1222305,32223,11057,1105704,31057,CLT,0600,0551,-9.00,0.00,,0.00,,,,
1,1/8/2026 12:00:00 AM,AA,5985,11057,1105704,31057,12223,1222305,32223,HTS,0950,0944,-6.00,0.00,,0.00,,,,
1,1/8/2026 12:00:00 AM,AA,5985,12223,1222305,32223,11057,1105704,31057,CLT,1140,1130,-10.00,0.00,,0.00,,,,
1,1/8/2026 12:00:00 AM,DL,3702,10397,1039708,30397,11146,1114608,31146,CRW,1010,1412,242.00,0.00,,0.00,228.00,0.00,0.00,0.00
1,1/8/2026 12:00:00 AM,DL,3702,11146,1114608,31146,10397,1039708,30397,ATL,1220,1557,217.00,0.00,,0.00,213.00,0.00,0.00,0.00
1,1/8/2026 12:00:00 AM,DL,3805,11146,1114608,31146,10397,1039708,30397,ATL,0615,0609,-6.00,0.00,,0.00,,,,
1,1/8/2026 12:00:00 AM,DL,3810,10397,1039708,30397,11146,1114608,31146,CRW,2115,2106,-9.00,0.00,,0.00,,,,
1,1/8/2026 12:00:00 AM,DL,3811,11146,1114608,31146,10397,1039708,30397,ATL,1720,1717,-3.00,0.00,,0.00,,,,
1,1/8/2026 12:00:00 AM,DL,4021,10397,1039708,30397,11146,1114608,31146,CRW,1517,1510,-7.00,0.00,,0.00,,,,
1,1/8/2026 12:00:00 AM,G4,1245,12223,1222305,32223,14761,1476108,34761,SFB,1413,1556,103.00,0.00,,0.00,0.00,0.00,0.00,90.00
1,1/8/2026 12:00:00 AM,G4,1310,11027,1102705,31027,14761,1476108,34761,SFB,1550,1554,4.00,0.00,,0.00,,,,
1,1/8/2026 12:00:00 AM,G4,2851,14761,1476108,34761,12223,1222305,32223,HTS,1130,1303,93.00,0.00,,0.00,93.00,10.00,0.00,0.00
1,1/8/2026 12:00:00 AM,G4,2923,14761,1476108,34761,11027,1102705,31027,CKB,1258,1249,-9.00,0.00,,0.00,,,,
1,1/8/2026 12:00:00 AM,G4,504,12223,1222305,32223,11697,1169707,32467,FLL,1953,1943,-10.00,0.00,,0.00,,,,
1,1/8/2026 12:00:00 AM,G4,509,11697,1169707,32467,12223,1222305,32223,HTS,1633,1618,-15.00,0.00,,0.00,,,,
1,1/8/2026 12:00:00 AM,UA,4644,11146,1114608,31146,13930,1393008,30977,ORD,1737,1727,-10.00,0.00,,0.00,,,,
1,1/8/2026 12:00:00 AM,UA,5025,12264,1226403,30852,13282,1328207,33282,MGW,2219,2208,-11.00,0.00,,0.00,,,,
1,1/8/2026 12:00:00 AM,UA,5045,13282,1328207,33282,12264,1226403,30852,IAD,2005,1955,-10.00,0.00,,0.00,,,,
1,1/8/2026 12:00:00 AM,UA,5134,13282,1328207,33282,13930,1393008,30977,ORD,0840,0826,-14.00,0.00,,0.00,,,,
1,1/8/2026 12:00:00 AM,UA,5138,13930,1393008,30977,13282,1328207,33282,MGW,1620,1617,-3.00,0.00,,0.00,,,,
1,1/8/2026 12:00:00 AM,UA,5439,13930,1393008,30977,11146,1114608,31146,CRW,1417,1409,-8.00,0.00,,0.00,,,,
1,1/8/2026 12:00:00 AM,UA,5790,13930,1393008,30977,11146,1114608,31146,CRW,1809,1810,1.00,0.00,,0.00,1.00,66.00,0.00,0.00
1,1/8/2026 12:00:00 AM,UA,5801,11146,1114608,31146,13930,1393008,30977,ORD,0650,0704,14.00,0.00,,0.00,,,,
1,1/9/2026 12:00:00 AM,AA,5049,11057,1105704,31057,11146,1114608,31146,CRW,1723,1821,58.00,0.00,,0.00,12.00,0.00,0.00,45.00
1,1/9/2026 12:00:00 AM,AA,5049,11146,1114608,31146,11057,1105704,31057,CLT,1912,1957,45.00,0.00,,0.00,0.00,0.00,0.00,33.00
1,1/9/2026 12:00:00 AM,AA,5153,11146,1114608,31146,11278,1127805,30852,DCA,0549,0537,-12.00,0.00,,0.00,,,,
1,1/9/2026 12:00:00 AM,AA,5231,11146,1114608,31146,11057,1105704,31057,CLT,0745,0733,-12.00,0.00,,0.00,,,,
1,1/9/2026 12:00:00 AM,AA,5232,11057,1105704,31057,11146,1114608,31146,CRW,1035,1029,-6.00,0.00,,0.00,,,,
1,1/9/2026 12:00:00 AM,AA,5232,11146,1114608,31146,11057,1105704,31057,CLT,1224,1214,-10.00,0.00,,0.00,,,,
1,1/9/2026 12:00:00 AM,AA,5263,11057,1105704,31057,11146,1114608,31146,CRW,2154,2219,25.00,0.00,,0.00,0.00,0.00,0.00,13.00
1,1/9/2026 12:00:00 AM,AA,5367,11278,1127805,30852,11146,1114608,31146,CRW,2103,2052,-11.00,0.00,,0.00,,,,
1,1/9/2026 12:00:00 AM,AA,5900,11057,1105704,31057,12223,1222305,32223,HTS,1533,1525,-8.00,0.00,,0.00,,,,
1,1/9/2026 12:00:00 AM,AA,5900,12223,1222305,32223,11057,1105704,31057,CLT,1720,1712,-8.00,0.00,,0.00,,,,
1,1/9/2026 12:00:00 AM,AA,5922,11057,1105704,31057,12223,1222305,32223,HTS,2149,2146,-3.00,0.00,,0.00,,,,
1,1/9/2026 12:00:00 AM,AA,5955,12223,1222305,32223,11057,1105704,31057,CLT,0600,0553,-7.00,0.00,,0.00,,,,
1,1/9/2026 12:00:00 AM,AA,5985,11057,1105704,31057,12223,1222305,32223,HTS,0950,0942,-8.00,0.00,,0.00,,,,
1,1/9/2026 12:00:00 AM,AA,5985,12223,1222305,32223,11057,1105704,31057,CLT,1140,1133,-7.00,0.00,,0.00,,,,
1,1/9/2026 12:00:00 AM,DL,3702,10397,1039708,30397,11146,1114608,31146,CRW,1010,1007,-3.00,0.00,,0.00,,,,
1,1/9/2026 12:00:00 AM,DL,3702,11146,1114608,31146,10397,1039708,30397,ATL,1220,1213,-7.00,0.00,,0.00,,,,
1,1/9/2026 12:00:00 AM,DL,3805,11146,1114608,31146,10397,1039708,30397,ATL,0615,0614,-1.00,0.00,,0.00,,,,
1,1/9/2026 12:00:00 AM,DL,3810,10397,1039708,30397,11146,1114608,31146,CRW,2115,2111,-4.00,0.00,,0.00,,,,
1,1/9/2026 12:00:00 AM,DL,3811,11146,1114608,31146,10397,1039708,30397,ATL,1720,1715,-5.00,0.00,,0.00,,,,
1,1/9/2026 12:00:00 AM,DL,4021,10397,1039708,30397,11146,1114608,31146,CRW,1517,1512,-5.00,0.00,,0.00,,,,
1,1/9/2026 12:00:00 AM,G4,1036,12223,1222305,32223,14112,1411206,33195,PIE,2129,2127,-2.00,0.00,,0.00,,,,
1,1/9/2026 12:00:00 AM,G4,2626,14112,1411206,33195,12223,1222305,32223,HTS,1843,1833,-10.00,0.00,,0.00,,,,
1,1/9/2026 12:00:00 AM,UA,4644,11146,1114608,31146,13930,1393008,30977,ORD,1737,1727,-10.00,0.00,,0.00,,,,
1,1/9/2026 12:00:00 AM,UA,5025,12264,1226403,30852,13282,1328207,33282,MGW,2219,2219,0.00,0.00,,0.00,,,,
1,1/9/2026 12:00:00 AM,UA,5045,13282,1328207,33282,12264,1226403,30852,IAD,2005,1944,-21.00,0.00,,0.00,,,,
1,1/9/2026 12:00:00 AM,UA,5134,13282,1328207,33282,13930,1393008,30977,ORD,0840,0845,5.00,0.00,,0.00,,,,
1,1/9/2026 12:00:00 AM,UA,5138,13930,1393008,30977,13282,1328207,33282,MGW,1620,1625,5.00,0.00,,0.00,,,,
1,1/9/2026 12:00:00 AM,UA,5439,13930,1393008,30977,11146,1114608,31146,CRW,1417,1403,-14.00,0.00,,0.00,,,,
1,1/9/2026 12:00:00 AM,UA,5790,13930,1393008,30977,11146,1114608,31146,CRW,1809,1805,-4.00,0.00,,0.00,,,,
1,1/9/2026 12:00:00 AM,UA,5801,11146,1114608,31146,13930,1393008,30977,ORD,0650,0647,-3.00,0.00,,0.00,,,,
1,1/10/2026 12:00:00 AM,AA,5049,11057,1105704,31057,11146,1114608,31146,CRW,1723,1719,-4.00,0.00,,0.00,,,,
1,1/10/2026 12:00:00 AM,AA,5049,11146,1114608,31146,11057,1105704,31057,CLT,1912,1909,-3.00,0.00,,0.00,,,,
1,1/10/2026 12:00:00 AM,AA,5153,11146,1114608,31146,11278,1127805,30852,DCA,0600,0558,-2.00,0.00,,0.00,,,,
1,1/10/2026 12:00:00 AM,AA,5231,11146,1114608,31146,11057,1105704,31057,CLT,0745,0734,-11.00,0.00,,0.00,,,,
1,1/10/2026 12:00:00 AM,AA,5232,11057,1105704,31057,11146,1114608,31146,CRW,1030,1024,-6.00,0.00,,0.00,,,,
1,1/10/2026 12:00:00 AM,AA,5232,11146,1114608,31146,11057,1105704,31057,CLT,1219,1217,-2.00,0.00,,0.00,,,,
1,1/10/2026 12:00:00 AM,AA,5263,11057,1105704,31057,11146,1114608,31146,CRW,2204,2215,11.00,0.00,,0.00,,,,
1,1/10/2026 12:00:00 AM,AA,5367,11278,1127805,30852,11146,1114608,31146,CRW,1959,1953,-6.00,0.00,,0.00,,,,
1,1/10/2026 12:00:00 AM,AA,5900,11057,1105704,31057,12223,1222305,32223,HTS,1533,1526,-7.00,0.00,,0.00,,,,
1,1/10/2026 12:00:00 AM,AA,5900,12223,1222305,32223,11057,1105704,31057,CLT,1720,1707,-13.00,0.00,,0.00,,,,
1,1/10/2026 12:00:00 AM,AA,5922,11057,1105704,31057,12223,1222305,32223,HTS,2229,2237,8.00,0.00,,0.00,,,,
1,1/10/2026 12:00:00 AM,AA,5955,12223,1222305,32223,11057,1105704,31057,CLT,0600,0549,-11.00,0.00,,0.00,,,,
1,1/10/2026 12:00:00 AM,AA,5985,11057,1105704,31057,12223,1222305,32223,HTS,0950,0942,-8.00,0.00,,0.00,,,,
1,1/10/2026 12:00:00 AM,AA,5985,12223,1222305,32223,11057,1105704,31057,CLT,1140,1132,-8.00,0.00,,0.00,,,,
1,1/10/2026 12:00:00 AM,DL,3702,10397,1039708,30397,11146,1114608,31146,CRW,1010,1010,0.00,0.00,,0.00,81.00,0.00,0.00,0.00
1,1/10/2026 12:00:00 AM,DL,3702,11146,1114608,31146,10397,1039708,30397,ATL,1220,1334,74.00,0.00,,0.00,0.00,0.00,0.00,0.00
1,1/10/2026 12:00:00 AM,DL,3805,11146,1114608,31146,10397,1039708,30397,ATL,0615,0615,0.00,0.00,,0.00,,,,
1,1/10/2026 12:00:00 AM,DL,3810,10397,1039708,30397,11146,1114608,31146,CRW,2027,2044,17.00,0.00,,0.00,,,,
1,1/10/2026 12:00:00 AM,DL,3811,11146,1114608,31146,10397,1039708,30397,ATL,1720,1720,0.00,0.00,,0.00,,,,
1,1/10/2026 12:00:00 AM,DL,4021,10397,1039708,30397,11146,1114608,31146,CRW,1515,1529,14.00,0.00,,0.00,,,,
1,1/10/2026 12:00:00 AM,UA,4644,11146,1114608,31146,13930,1393008,30977,ORD,1737,1943,126.00,0.00,,0.00,0.00,0.00,0.00,110.00
1,1/10/2026 12:00:00 AM,UA,5025,12264,1226403,30852,13282,1328207,33282,MGW,2219,0027,128.00,0.00,,0.00,0.00,0.00,0.00,110.00
1,1/10/2026 12:00:00 AM,UA,5045,13282,1328207,33282,12264,1226403,30852,IAD,2005,2256,171.00,0.00,,0.00,0.00,0.00,0.00,143.00
1,1/10/2026 12:00:00 AM,UA,5134,13282,1328207,33282,13930,1393008,30977,ORD,0840,0826,-14.00,0.00,,0.00,,,,
1,1/10/2026 12:00:00 AM,UA,5138,13930,1393008,30977,13282,1328207,33282,MGW,1620,1635,15.00,0.00,,1.00,,,,
1,1/10/2026 12:00:00 AM,UA,5439,13930,1393008,30977,11146,1114608,31146,CRW,1417,1619,122.00,0.00,,0.00,0.00,15.00,0.00,122.00
1,1/10/2026 12:00:00 AM,UA,5790,13930,1393008,30977,11146,1114608,31146,CRW,1809,1806,-3.00,0.00,,0.00,40.00,0.00,0.00,0.00
1,1/10/2026 12:00:00 AM,UA,5801,11146,1114608,31146,13930,1393008,30977,ORD,0650,0650,0.00,0.00,,0.00,,,,
1,1/11/2026 12:00:00 AM,AA,5049,11057,1105704,31057,11146,1114608,31146,CRW,1723,1853,90.00,0.00,,0.00,0.00,0.00,0.00,58.00
1,1/11/2026 12:00:00 AM,AA,5049,11146,1114608,31146,11057,1105704,31057,CLT,1912,,,1.00,B,0.00,,,,
1,1/11/2026 12:00:00 AM,AA,5153,11146,1114608,31146,11278,1127805,30852,DCA,0600,0549,-11.00,0.00,,0.00,,,,
1,1/11/2026 12:00:00 AM,AA,5231,11146,1114608,31146,11057,1105704,31057,CLT,0745,0742,-3.00,0.00,,0.00,,,,
1,1/11/2026 12:00:00 AM,AA,5232,11057,1105704,31057,11146,1114608,31146,CRW,1035,1032,-3.00,0.00,,0.00,,,,
1,1/11/2026 12:00:00 AM,AA,5232,11146,1114608,31146,11057,1105704,31057,CLT,1224,1531,187.00,0.00,,0.00,0.00,4.00,0.00,0.00
1,1/11/2026 12:00:00 AM,AA,5263,11057,1105704,31057,11146,1114608,31146,CRW,2154,,,1.00,B,0.00,,,,
1,1/11/2026 12:00:00 AM,AA,5367,11278,1127805,30852,11146,1114608,31146,CRW,2040,2255,135.00,0.00,,0.00,0.00,0.00,0.00,117.00
1,1/11/2026 12:00:00 AM,AA,5900,11057,1105704,31057,12223,1222305,32223,HTS,1533,,,1.00,B,0.00,,,,
1,1/11/2026 12:00:00 AM,AA,5900,12223,1222305,32223,11057,1105704,31057,CLT,1720,,,1.00,B,0.00,,,,
1,1/11/2026 12:00:00 AM,AA,5922,11057,1105704,31057,12223,1222305,32223,HTS,2149,2354,125.00,0.00,,0.00,0.00,0.00,0.00,87.00
1,1/11/2026 12:00:00 AM,AA,5955,12223,1222305,32223,11057,1105704,31057,CLT,0600,0552,-8.00,0.00,,0.00,,,,
1,1/11/2026 12:00:00 AM,AA,5985,11057,1105704,31057,12223,1222305,32223,HTS,0950,0943,-7.00,0.00,,0.00,,,,
1,1/11/2026 12:00:00 AM,AA,5985,12223,1222305,32223,11057,1105704,31057,CLT,1140,1128,-12.00,0.00,,1.00,,,,
1,1/11/2026 12:00:00 AM,DL,3702,10397,1039708,30397,11146,1114608,31146,CRW,1010,0959,-11.00,0.00,,0.00,,,,
1,1/11/2026 12:00:00 AM,DL,3702,11146,1114608,31146,10397,1039708,30397,ATL,1220,1203,-17.00,0.00,,0.00,,,,
1,1/11/2026 12:00:00 AM,DL,3805,11146,1114608,31146,10397,1039708,30397,ATL,0615,0606,-9.00,0.00,,0.00,,,,
1,1/11/2026 12:00:00 AM,DL,3810,10397,1039708,30397,11146,1114608,31146,CRW,2115,2113,-2.00,0.00,,0.00,,,,
1,1/11/2026 12:00:00 AM,DL,3811,11146,1114608,31146,10397,1039708,30397,ATL,1720,1751,31.00,0.00,,0.00,,,,
1,1/11/2026 12:00:00 AM,DL,4021,10397,1039708,30397,11146,1114608,31146,CRW,1517,1523,6.00,0.00,,0.00,6.00,26.00,0.00,0.00
1,1/11/2026 12:00:00 AM,G4,1245,12223,1222305,32223,14761,1476108,34761,SFB,1413,1446,33.00,0.00,,0.00,29.00,0.00,0.00,0.00
1,1/11/2026 12:00:00 AM,G4,1310,11027,1102705,31027,14761,1476108,34761,SFB,1550,1902,192.00,0.00,,0.00,5.00,18.00,0.00,187.00
1,1/11/2026 12:00:00 AM,G4,2823,14761,1476108,34761,11027,1102705,31027,CKB,1258,1557,179.00,0.00,,0.00,0.00,8.00,0.00,0.00
1,1/11/2026 12:00:00 AM,G4,2861,14761,1476108,34761,12223,1222305,32223,HTS,1130,1128,-2.00,0.00,,0.00,,,,
1,1/11/2026 12:00:00 AM,G4,504,12223,1222305,32223,11697,1169707,32467,FLL,1953,2347,234.00,0.00,,0.00,0.00,0.00,0.00,227.00
1,1/11/2026 12:00:00 AM,G4,509,11697,1169707,32467,12223,1222305,32223,HTS,1633,2046,253.00,0.00,,0.00,0.00,241.00,0.00,0.00
1,1/11/2026 12:00:00 AM,UA,4644,11146,1114608,31146,13930,1393008,30977,ORD,1737,1720,-17.00,0.00,,0.00,,,,
1,1/11/2026 12:00:00 AM,UA,5025,12264,1226403,30852,13282,1328207,33282,MGW,2219,2210,-9.00,0.00,,0.00,,,,
1,1/11/2026 12:00:00 AM,UA,5045,13282,1328207,33282,12264,1226403,30852,IAD,2005,1957,-8.00,0.00,,0.00,,,,
1,1/11/2026 12:00:00 AM,UA,5134,13282,1328207,33282,13930,1393008,30977,ORD,0840,0831,-9.00,0.00,,0.00,,,,
1,1/11/2026 12:00:00 AM,UA,5138,13930,1393008,30977,13282,1328207,33282,MGW,1620,1621,1.00,0.00,,0.00,,,,
1,1/11/2026 12:00:00 AM,UA,5439,13930,1393008,30977,11146,1114608,31146,CRW,1417,1407,-10.00,0.00,,0.00,,,,
1,1/11/2026 12:00:00 AM,UA,5790,13930,1393008,30977,11146,1114608,31146,CRW,1809,1800,-9.00,0.00,,0.00,,,,
1,1/11/2026 12:00:00 AM,UA,5801,11146,1114608,31146,13930,1393008,30977,ORD,0650,1304,374.00,0.00,,0.00,366.00,0.00,0.00,0.00
1,1/12/2026 12:00:00 AM,AA,5049,11057,1105704,31057,11146,1114608,31146,CRW,1723,1802,39.00,0.00,,0.00,0.00,0.00,0.00,38.00
1,1/12/2026 12:00:00 AM,AA,5049,11146,1114608,31146,11057,1105704,31057,CLT,1912,1949,37.00,0.00,,0.00,0.00,0.00,0.00,15.00
1,1/12/2026 12:00:00 AM,AA,5153,11146,1114608,31146,11278,1127805,30852,DCA,0549,0543,-6.00,0.00,,0.00,,,,
1,1/12/2026 12:00:00 AM,AA,5231,11146,1114608,31146,11057,1105704,31057,CLT,0745,0738,-7.00,0.00,,0.00,,,,
1,1/12/2026 12:00:00 AM,AA,5232,11057,1105704,31057,11146,1114608,31146,CRW,1035,1032,-3.00,0.00,,0.00,,,,
1,1/12/2026 12:00:00 AM,AA,5232,11146,1114608,31146,11057,1105704,31057,CLT,1224,1216,-8.00,0.00,,0.00,,,,
1,1/12/2026 12:00:00 AM,AA,5263,11057,1105704,31057,11146,1114608,31146,CRW,2154,2204,10.00,0.00,,0.00,,,,
1,1/12/2026 12:00:00 AM,AA,5367,11278,1127805,30852,11146,1114608,31146,CRW,2040,2034,-6.00,0.00,,0.00,,,,
1,1/12/2026 12:00:00 AM,AA,5900,11057,1105704,31057,12223,1222305,32223,HTS,1533,1526,-7.00,0.00,,0.00,,,,
1,1/12/2026 12:00:00 AM,AA,5900,12223,1222305,32223,11057,1105704,31057,CLT,1720,1707,-13.00,0.00,,0.00,,,,
1,1/12/2026 12:00:00 AM,AA,5922,11057,1105704,31057,12223,1222305,32223,HTS,2149,2143,-6.00,0.00,,0.00,,,,
1,1/12/2026 12:00:00 AM,AA,5955,12223,1222305,32223,11057,1105704,31057,CLT,0600,0549,-11.00,0.00,,0.00,,,,
1,1/12/2026 12:00:00 AM,AA,5985,11057,1105704,31057,12223,1222305,32223,HTS,0950,0942,-8.00,0.00,,0.00,,,,
1,1/12/2026 12:00:00 AM,AA,5985,12223,1222305,32223,11057,1105704,31057,CLT,1140,1139,-1.00,0.00,,0.00,,,,
1,1/12/2026 12:00:00 AM,DL,3702,10397,1039708,30397,11146,1114608,31146,CRW,1010,1004,-6.00,0.00,,0.00,,,,
1,1/12/2026 12:00:00 AM,DL,3702,11146,1114608,31146,10397,1039708,30397,ATL,1220,1309,49.00,0.00,,0.00,42.00,0.00,0.00,0.00
1,1/12/2026 12:00:00 AM,DL,3805,11146,1114608,31146,10397,1039708,30397,ATL,0615,0635,20.00,0.00,,0.00,17.00,0.00,0.00,0.00
1,1/12/2026 12:00:00 AM,DL,3810,10397,1039708,30397,11146,1114608,31146,CRW,2115,2112,-3.00,0.00,,0.00,,,,
1,1/12/2026 12:00:00 AM,DL,3811,11146,1114608,31146,10397,1039708,30397,ATL,1720,1747,27.00,0.00,,0.00,,,,
1,1/12/2026 12:00:00 AM,DL,4021,10397,1039708,30397,11146,1114608,31146,CRW,1517,1511,-6.00,0.00,,0.00,26.00,0.00,0.00,0.00
1,1/12/2026 12:00:00 AM,G4,1036,12223,1222305,32223,14112,1411206,33195,PIE,2129,2107,-22.00,0.00,,0.00,,,,
1,1/12/2026 12:00:00 AM,G4,2626,14112,1411206,33195,12223,1222305,32223,HTS,1843,1838,-5.00,0.00,,0.00,,,,
1,1/12/2026 12:00:00 AM,UA,4644,11146,1114608,31146,13930,1393008,30977,ORD,1737,1727,-10.00,0.00,,0.00,,,,
1,1/12/2026 12:00:00 AM,UA,5025,12264,1226403,30852,13282,1328207,33282,MGW,2219,2224,5.00,0.00,,0.00,,,,
1,1/12/2026 12:00:00 AM,UA,5045,13282,1328207,33282,12264,1226403,30852,IAD,2005,2108,63.00,0.00,,0.00,0.00,0.00,0.00,31.00
1,1/12/2026 12:00:00 AM,UA,5134,13282,1328207,33282,13930,1393008,30977,ORD,0840,0830,-10.00,0.00,,0.00,,,,
1,1/12/2026 12:00:00 AM,UA,5138,13930,1393008,30977,13282,1328207,33282,MGW,1620,1801,101.00,0.00,,0.00,98.00,0.00,0.00,0.00
1,1/12/2026 12:00:00 AM,UA,5439,13930,1393008,30977,11146,1114608,31146,CRW,1417,1409,-8.00,0.00,,0.00,,,,
1,1/12/2026 12:00:00 AM,UA,5790,13930,1393008,30977,11146,1114608,31146,CRW,1809,1803,-6.00,0.00,,0.00,16.00,0.00,0.00,0.00
1,1/12/2026 12:00:00 AM,UA,5801,11146,1114608,31146,13930,1393008,30977,ORD,0650,0644,-6.00,0.00,,0.00,,,,
1,1/13/2026 12:00:00 AM,AA,5049,11057,1105704,31057,11146,1114608,31146,CRW,1723,1716,-7.00,0.00,,0.00,,,,
1,1/13/2026 12:00:00 AM,AA,5049,11146,1114608,31146,11057,1105704,31057,CLT,1912,1932,20.00,0.00,,0.00,,,,
1,1/13/2026 12:00:00 AM,AA,5153,11146,1114608,31146,11278,1127805,30852,DCA,0549,0539,-10.00,0.00,,0.00,,,,
1,1/13/2026 12:00:00 AM,AA,5231,11146,1114608,31146,11057,1105704,31057,CLT,0745,0734,-11.00,0.00,,0.00,,,,
1,1/13/2026 12:00:00 AM,AA,5232,11057,1105704,31057,11146,1114608,31146,CRW,1035,1030,-5.00,0.00,,0.00,,,,
1,1/13/2026 12:00:00 AM,AA,5232,11146,1114608,31146,11057,1105704,31057,CLT,1224,1213,-11.00,0.00,,0.00,,,,
1,1/13/2026 12:00:00 AM,AA,5263,11057,1105704,31057,11146,1114608,31146,CRW,2154,2146,-8.00,0.00,,0.00,,,,
1,1/13/2026 12:00:00 AM,AA,5367,11278,1127805,30852,11146,1114608,31146,CRW,2040,2029,-11.00,0.00,,0.00,,,,
1,1/13/2026 12:00:00 AM,AA,5900,11057,1105704,31057,12223,1222305,32223,HTS,1533,1525,-8.00,0.00,,0.00,,,,
1,1/13/2026 12:00:00 AM,AA,5900,12223,1222305,32223,11057,1105704,31057,CLT,1720,1707,-13.00,0.00,,0.00,,,,
1,1/13/2026 12:00:00 AM,AA,5922,11057,1105704,31057,12223,1222305,32223,HTS,2149,2141,-8.00,0.00,,0.00,,,,
1,1/13/2026 12:00:00 AM,AA,5955,12223,1222305,32223,11057,1105704,31057,CLT,0600,0549,-11.00,0.00,,0.00,,,,
1,1/13/2026 12:00:00 AM,AA,5985,11057,1105704,31057,12223,1222305,32223,HTS,0950,0943,-7.00,0.00,,0.00,,,,
1,1/13/2026 12:00:00 AM,AA,5985,12223,1222305,32223,11057,1105704,31057,CLT,1140,1135,-5.00,0.00,,0.00,,,,
1,1/13/2026 12:00:00 AM,DL,3702,10397,1039708,30397,11146,1114608,31146,CRW,1010,1025,15.00,0.00,,0.00,,,,
1,1/13/2026 12:00:00 AM,DL,3702,11146,1114608,31146,10397,1039708,30397,ATL,1220,1222,2.00,0.00,,0.00,,,,
1,1/13/2026 12:00:00 AM,DL,3805,11146,1114608,31146,10397,1039708,30397,ATL,0615,0612,-3.00,0.00,,0.00,,,,
1,1/13/2026 12:00:00 AM,DL,3810,10397,1039708,30397,11146,1114608,31146,CRW,2115,2314,119.00,0.00,,0.00,0.00,0.00,0.00,0.00
1,1/13/2026 12:00:00 AM,DL,3811,11146,1114608,31146,10397,1039708,30397,ATL,1720,1737,17.00,0.00,,0.00,,,,
1,1/13/2026 12:00:00 AM,DL,4021,10397,1039708,30397,11146,1114608,31146,CRW,1517,1544,27.00,0.00,,0.00,21.00,0.00,0.00,0.00
1,1/13/2026 12:00:00 AM,UA,4644,11146,1114608,31146,13930,1393008,30977,ORD,1737,1720,-17.00,0.00,,0.00,,,,
1,1/13/2026 12:00:00 AM,UA,5025,12264,1226403,30852,13282,1328207,33282,MGW,2219,2208,-11.00,0.00,,0.00,,,,
1,1/13/2026 12:00:00 AM,UA,5045,13282,1328207,33282,12264,1226403,30852,IAD,2005,1955,-10.00,0.00,,0.00,,,,
1,1/13/2026 12:00:00 AM,UA,5134,13282,1328207,33282,13930,1393008,30977,ORD,0840,0830,-10.00,0.00,,0.00,,,,
1,1/13/2026 12:00:00 AM,UA,5138,13930,1393008,30977,13282,1328207,33282,MGW,1620,1609,-11.00,0.00,,0.00,,,,
1,1/13/2026 12:00:00 AM,UA,5439,13930,1393008,30977,11146,1114608,31146,CRW,1417,1407,-10.00,0.00,,0.00,,,,
1,1/13/2026 12:00:00 AM,UA,5790,13930,1393008,30977,11146,1114608,31146,CRW,1809,1802,-7.00,0.00,,0.00,,,,
1,1/13/2026 12:00:00 AM,UA,5801,11146,1114608,31146,13930,1393008,30977,ORD,0650,0651,1.00,0.00,,0.00,,,,
1,1/14/2026 12:00:00 AM,AA,5049,11057,1105704,31057,11146,1114608,31146,CRW,1723,1717,-6.00,0.00,,0.00,,,,
1,1/14/2026 12:00:00 AM,AA,5049,11146,1114608,31146,11057,1105704,31057,CLT,1912,1903,-9.00,0.00,,0.00,,,,
1,1/14/2026 12:00:00 AM,AA,5153,11146,1114608,31146,11278,1127805,30852,DCA,0549,0532,-17.00,0.00,,0.00,,,,
1,1/14/2026 12:00:00 AM,AA,5231,11146,1114608,31146,11057,1105704,31057,CLT,0745,0734,-11.00,0.00,,0.00,,,,
1,1/14/2026 12:00:00 AM,AA,5232,11057,1105704,31057,11146,1114608,31146,CRW,1035,1028,-7.00,0.00,,0.00,,,,
1,1/14/2026 12:00:00 AM,AA,5232,11146,1114608,31146,11057,1105704,31057,CLT,1224,1210,-14.00,0.00,,0.00,,,,
1,1/14/2026 12:00:00 AM,AA,5263,11057,1105704,31057,11146,1114608,31146,CRW,2154,2148,-6.00,0.00,,0.00,,,,
1,1/14/2026 12:00:00 AM,AA,5367,11278,1127805,30852,11146,1114608,31146,CRW,2040,2029,-11.00,0.00,,1.00,,,,
1,1/14/2026 12:00:00 AM,AA,5900,11057,1105704,31057,12223,1222305,32223,HTS,1533,1524,-9.00,0.00,,0.00,,,,
1,1/14/2026 12:00:00 AM,AA,5900,12223,1222305,32223,11057,1105704,31057,CLT,1720,1707,-13.00,0.00,,0.00,,,,
1,1/14/2026 12:00:00 AM,AA,5922,11057,1105704,31057,12223,1222305,32223,HTS,2149,2142,-7.00,0.00,,0.00,,,,
1,1/14/2026 12:00:00 AM,AA,5955,12223,1222305,32223,11057,1105704,31057,CLT,0600,0550,-10.00,0.00,,0.00,,,,
1,1/14/2026 12:00:00 AM,AA,5985,11057,1105704,31057,12223,1222305,32223,HTS,0950,0945,-5.00,0.00,,0.00,,,,
1,1/14/2026 12:00:00 AM,AA,5985,12223,1222305,32223,11057,1105704,31057,CLT,1140,1130,-10.00,0.00,,0.00,,,,
1,1/14/2026 12:00:00 AM,DL,3702,10397,1039708,30397,11146,1114608,31146,CRW,1010,1210,120.00,0.00,,0.00,106.00,0.00,0.00,0.00
1,1/14/2026 12:00:00 AM,DL,3702,11146,1114608,31146,10397,1039708,30397,ATL,1220,1419,119.00,0.00,,0.00,117.00,0.00,0.00,0.00
1,1/14/2026 12:00:00 AM,DL,3805,11146,1114608,31146,10397,1039708,30397,ATL,0615,0609,-6.00,0.00,,0.00,,,,
1,1/14/2026 12:00:00 AM,DL,3810,10397,1039708,30397,11146,1114608,31146,CRW,2115,2230,75.00,0.00,,0.00,75.00,6.00,0.00,0.00
1,1/14/2026 12:00:00 AM,DL,3811,11146,1114608,31146,10397,1039708,30397,ATL,1720,1714,-6.00,0.00,,0.00,,,,
1,1/14/2026 12:00:00 AM,DL,4021,10397,1039708,30397,11146,1114608,31146,CRW,1517,1508,-9.00,0.00,,0.00,,,,
1,1/14/2026 12:00:00 AM,UA,4644,11146,1114608,31146,13930,1393008,30977,ORD,1737,1958,141.00,0.00,,0.00,0.00,0.00,0.00,117.00
1,1/14/2026 12:00:00 AM,UA,5025,12264,1226403,30852,13282,1328207,33282,MGW,2219,2247,28.00,0.00,,0.00,0.00,16.00,0.00,0.00
1,1/14/2026 12:00:00 AM,UA,5045,13282,1328207,33282,12264,1226403,30852,IAD,2005,2104,59.00,0.00,,0.00,0.00,63.00,0.00,0.00
1,1/14/2026 12:00:00 AM,UA,5134,13282,1328207,33282,13930,1393008,30977,ORD,0840,1003,83.00,0.00,,0.00,0.00,0.00,0.00,0.00
1,1/14/2026 12:00:00 AM,UA,5138,13930,1393008,30977,13282,1328207,33282,MGW,1620,1737,77.00,0.00,,0.00,0.00,21.00,0.00,0.00
1,1/14/2026 12:00:00 AM,UA,5439,13930,1393008,30977,11146,1114608,31146,CRW,1417,1701,164.00,0.00,,0.00,0.00,0.00,0.00,147.00
1,1/14/2026 12:00:00 AM,UA,5790,13930,1393008,30977,11146,1114608,31146,CRW,1809,1817,8.00,0.00,,0.00,8.00,12.00,0.00,0.00
1,1/14/2026 12:00:00 AM,UA,5801,11146,1114608,31146,13930,1393008,30977,ORD,0650,0640,-10.00,0.00,,1.00,,,,
1,1/15/2026 12:00:00 AM,AA,5049,11057,1105704,31057,11146,1114608,31146,CRW,1723,1717,-6.00,0.00,,0.00,,,,
1,1/15/2026 12:00:00 AM,AA,5049,11146,1114608,31146,11057,1105704,31057,CLT,1912,1906,-6.00,0.00,,0.00,,,,
1,1/15/2026 12:00:00 AM,AA,5153,11146,1114608,31146,11278,1127805,30852,DCA,0549,1048,299.00,0.00,,0.00,299.00,50.00,0.00,0.00
1,1/15/2026 12:00:00 AM,AA,5231,11146,1114608,31146,11057,1105704,31057,CLT,0745,1348,363.00,0.00,,0.00,363.00,36.00,0.00,0.00
1,1/15/2026 12:00:00 AM,AA,5232,11057,1105704,31057,11146,1114608,31146,CRW,1035,1029,-6.00,0.00,,0.00,,,,
1,1/15/2026 12:00:00 AM,AA,5232,11146,1114608,31146,11057,1105704,31057,CLT,1224,1219,-5.00,0.00,,0.00,,,,
1,1/15/2026 12:00:00 AM,AA,5263,11057,1105704,31057,11146,1114608,31146,CRW,2154,2147,-7.00,0.00,,0.00,,,,
1,1/15/2026 12:00:00 AM,AA,5367,11278,1127805,30852,11146,1114608,31146,CRW,2040,2052,12.00,0.00,,0.00,,,,
1,1/15/2026 12:00:00 AM,AA,5900,11057,1105704,31057,12223,1222305,32223,HTS,1533,1527,-6.00,0.00,,0.00,,,,
1,1/15/2026 12:00:00 AM,AA,5900,12223,1222305,32223,11057,1105704,31057,CLT,1720,1713,-7.00,0.00,,0.00,,,,
1,1/15/2026 12:00:00 AM,AA,5922,11057,1105704,31057,12223,1222305,32223,HTS,2149,2140,-9.00,0.00,,0.00,,,,
1,1/15/2026 12:00:00 AM,AA,5955,12223,1222305,32223,11057,1105704,31057,CLT,0600,0552,-8.00,0.00,,0.00,,,,
1,1/15/2026 12:00:00 AM,AA,5985,11057,1105704,31057,12223,1222305,32223,HTS,0950,1000,10.00,0.00,,0.00,,,,
1,1/15/2026 12:00:00 AM,AA,5985,12223,1222305,32223,11057,1105704,31057,CLT,1140,1128,-12.00,0.00,,0.00,,,,
1,1/15/2026 12:00:00 AM,DL,3702,10397,1039708,30397,11146,1114608,31146,CRW,1010,1104,54.00,0.00,,0.00,0.00,0.00,0.00,0.00
1,1/15/2026 12:00:00 AM,DL,3702,11146,1114608,31146,10397,1039708,30397,ATL,1220,1320,60.00,0.00,,0.00,0.00,33.00,0.00,0.00
1,1/15/2026 12:00:00 AM,DL,3805,11146,1114608,31146,10397,1039708,30397,ATL,0615,0612,-3.00,0.00,,0.00,48.00,0.00,0.00,0.00
1,1/15/2026 12:00:00 AM,DL,3810,10397,1039708,30397,11146,1114608,31146,CRW,2115,2117,2.00,0.00,,0.00,,,,
1,1/15/2026 12:00:00 AM,DL,3811,11146,1114608,31146,10397,1039708,30397,ATL,1720,1906,106.00,0.00,,0.00,84.00,0.00,0.00,0.00
1,1/15/2026 12:00:00 AM,DL,4021,10397,1039708,30397,11146,1114608,31146,CRW,1517,1643,86.00,0.00,,0.00,86.00,19.00,0.00,0.00
1,1/15/2026 12:00:00 AM,G4,1245,12223,1222305,32223,14761,1476108,34761,SFB,1413,1427,14.00,0.00,,0.00,,,,
1,1/15/2026 12:00:00 AM,G4,1310,11027,1102705,31027,14761,1476108,34761,SFB,1550,1536,-14.00,0.00,,0.00,,,,
1,1/15/2026 12:00:00 AM,G4,2851,14761,1476108,34761,12223,1222305,32223,HTS,1130,1127,-3.00,0.00,,0.00,,,,
1,1/15/2026 12:00:00 AM,G4,2923,14761,1476108,34761,11027,1102705,31027,CKB,1258,1238,-20.00,0.00,,0.00,,,,
1,1/15/2026 12:00:00 AM,G4,504,12223,1222305,32223,11697,1169707,32467,FLL,1953,2005,12.00,0.00,,0.00,,,,
1,1/15/2026 12:00:00 AM,G4,509,11697,1169707,32467,12223,1222305,32223,HTS,1633,1658,25.00,0.00,,0.00,,,,
1,1/15/2026 12:00:00 AM,UA,4644,11146,1114608,31146,13930,1393008,30977,ORD,1737,1813,36.00,0.00,,0.00,0.00,0.00,0.00,0.00
1,1/15/2026 12:00:00 AM,UA,5025,12264,1226403,30852,13282,1328207,33282,MGW,2219,2159,-20.00,0.00,,0.00,,,,
1,1/15/2026 12:00:00 AM,UA,5045,13282,1328207,33282,12264,1226403,30852,IAD,2005,1952,-13.00,0.00,,0.00,,,,
1,1/15/2026 12:00:00 AM,UA,5134,13282,1328207,33282,13930,1393008,30977,ORD,0840,1214,214.00,0.00,,0.00,214.00,11.00,0.00,0.00
1,1/15/2026 12:00:00 AM,UA,5138,13930,1393008,30977,13282,1328207,33282,MGW,1620,1629,9.00,0.00,,0.00,0.00,19.00,0.00,9.00
1,1/15/2026 12:00:00 AM,UA,5439,13930,1393008,30977,11146,1114608,31146,CRW,1417,1511,54.00,0.00,,0.00,0.00,0.00,0.00,0.00
1,1/15/2026 12:00:00 AM,UA,5790,13930,1393008,30977,11146,1114608,31146,CRW,1809,1803,-6.00,0.00,,0.00,,,,
1,1/15/2026 12:00:00 AM,UA,5801,11146,1114608,31146,13930,1393008,30977,ORD,0650,0649,-1.00,0.00,,0.00,23.00,0.00,0.00,0.00
1,1/16/2026 12:00:00 AM,AA,5049,11057,1105704,31057,11146,1114608,31146,CRW,1723,1910,107.00,0.00,,0.00,107.00,0.00,0.00,0.00
1,1/16/2026 12:00:00 AM,AA,5049,11146,1114608,31146,11057,1105704,31057,CLT,1912,2059,107.00,0.00,,0.00,0.00,0.00,0.00,88.00
1,1/16/2026 12:00:00 AM,AA,5153,11146,1114608,31146,11278,1127805,30852,DCA,0549,0547,-2.00,0.00,,0.00,,,,
1,1/16/2026 12:00:00 AM,AA,5231,11146,1114608,31146,11057,1105704,31057,CLT,0745,0736,-9.00,0.00,,0.00,,,,
1,1/16/2026 12:00:00 AM,AA,5232,11057,1105704,31057,11146,1114608,31146,CRW,1035,1031,-4.00,0.00,,0.00,,,,
1,1/16/2026 12:00:00 AM,AA,5232,11146,1114608,31146,11057,1105704,31057,CLT,1224,1222,-2.00,0.00,,0.00,,,,
1,1/16/2026 12:00:00 AM,AA,5263,11057,1105704,31057,11146,1114608,31146,CRW,2154,2147,-7.00,0.00,,0.00,,,,
1,1/16/2026 12:00:00 AM,AA,5367,11278,1127805,30852,11146,1114608,31146,CRW,2103,2157,54.00,0.00,,0.00,0.00,0.00,0.00,42.00
1,1/16/2026 12:00:00 AM,AA,5900,11057,1105704,31057,12223,1222305,32223,HTS,1533,1526,-7.00,0.00,,0.00,,,,
1,1/16/2026 12:00:00 AM,AA,5900,12223,1222305,32223,11057,1105704,31057,CLT,1720,1707,-13.00,0.00,,0.00,,,,
1,1/16/2026 12:00:00 AM,AA,5922,11057,1105704,31057,12223,1222305,32223,HTS,2149,2144,-5.00,0.00,,0.00,,,,
1,1/16/2026 12:00:00 AM,AA,5955,12223,1222305,32223,11057,1105704,31057,CLT,0600,0550,-10.00,0.00,,0.00,,,,
1,1/16/2026 12:00:00 AM,AA,5985,11057,1105704,31057,12223,1222305,32223,HTS,0950,0942,-8.00,0.00,,0.00,,,,
1,1/16/2026 12:00:00 AM,AA,5985,12223,1222305,32223,11057,1105704,31057,CLT,1140,1130,-10.00,0.00,,0.00,,,,
1,1/16/2026 12:00:00 AM,DL,3702,10397,1039708,30397,11146,1114608,31146,CRW,1010,1005,-5.00,0.00,,0.00,,,,
1,1/16/2026 12:00:00 AM,DL,3702,11146,1114608,31146,10397,1039708,30397,ATL,1220,1215,-5.00,0.00,,0.00,,,,
1,1/16/2026 12:00:00 AM,DL,3805,11146,1114608,31146,10397,1039708,30397,ATL,0615,0622,7.00,0.00,,0.00,7.00,36.00,0.00,0.00
1,1/16/2026 12:00:00 AM,DL,3810,10397,1039708,30397,11146,1114608,31146,CRW,2115,2111,-4.00,0.00,,0.00,,,,
1,1/16/2026 12:00:00 AM,DL,3811,11146,1114608,31146,10397,1039708,30397,ATL,1720,1716,-4.00,0.00,,0.00,,,,
1,1/16/2026 12:00:00 AM,DL,4021,10397,1039708,30397,11146,1114608,31146,CRW,1517,1512,-5.00,0.00,,0.00,,,,
1,1/16/2026 12:00:00 AM,G4,1036,12223,1222305,32223,14112,1411206,33195,PIE,2129,2115,-14.00,0.00,,0.00,,,,
1,1/16/2026 12:00:00 AM,G4,2626,14112,1411206,33195,12223,1222305,32223,HTS,1843,1832,-11.00,0.00,,0.00,,,,
1,1/16/2026 12:00:00 AM,UA,4644,11146,1114608,31146,13930,1393008,30977,ORD,1737,1851,74.00,0.00,,0.00,0.00,27.00,0.00,74.00
1,1/16/2026 12:00:00 AM,UA,5025,12264,1226403,30852,13282,1328207,33282,MGW,2219,2209,-10.00,0.00,,1.00,,,,
1,1/16/2026 12:00:00 AM,UA,5045,13282,1328207,33282,12264,1226403,30852,IAD,2005,2015,10.00,0.00,,0.00,,,,
1,1/16/2026 12:00:00 AM,UA,5134,13282,1328207,33282,13930,1393008,30977,ORD,0840,1040,120.00,0.00,,0.00,0.00,0.00,0.00,0.00
1,1/16/2026 12:00:00 AM,UA,5138,13930,1393008,30977,13282,1328207,33282,MGW,1620,1606,-14.00,0.00,,0.00,57.00,0.00,0.00,0.00
1,1/16/2026 12:00:00 AM,UA,5439,13930,1393008,30977,11146,1114608,31146,CRW,1417,1531,74.00,0.00,,0.00,0.00,4.00,0.00,74.00
1,1/16/2026 12:00:00 AM,UA,5790,13930,1393008,30977,11146,1114608,31146,CRW,1809,1852,43.00,0.00,,0.00,43.00,40.00,0.00,0.00
1,1/16/2026 12:00:00 AM,UA,5801,11146,1114608,31146,13930,1393008,30977,ORD,0650,0648,-2.00,0.00,,0.00,15.00,0.00,0.00,0.00
1,1/17/2026 12:00:00 AM,AA,5049,11057,1105704,31057,11146,1114608,31146,CRW,1723,1801,38.00,0.00,,0.00,16.00,0.00,0.00,11.00
1,1/17/2026 12:00:00 AM,AA,5049,11146,1114608,31146,11057,1105704,31057,CLT,1912,1941,29.00,0.00,,0.00,,,,
1,1/17/2026 12:00:00 AM,AA,5153,11146,1114608,31146,11278,1127805,30852,DCA,0600,0554,-6.00,0.00,,0.00,,,,
1,1/17/2026 12:00:00 AM,AA,5231,11146,1114608,31146,11057,1105704,31057,CLT,0745,0738,-7.00,0.00,,0.00,,,,
1,1/17/2026 12:00:00 AM,AA,5232,11057,1105704,31057,11146,1114608,31146,CRW,1030,1027,-3.00,0.00,,0.00,,,,
1,1/17/2026 12:00:00 AM,AA,5232,11146,1114608,31146,11057,1105704,31057,CLT,1219,1207,-12.00,0.00,,0.00,,,,
1,1/17/2026 12:00:00 AM,AA,5263,11057,1105704,31057,11146,1114608,31146,CRW,2204,2202,-2.00,0.00,,0.00,,,,
1,1/17/2026 12:00:00 AM,AA,5367,11278,1127805,30852,11146,1114608,31146,CRW,1959,2035,36.00,0.00,,0.00,0.00,0.00,0.00,29.00
1,1/17/2026 12:00:00 AM,AA,5900,11057,1105704,31057,12223,1222305,32223,HTS,1533,1527,-6.00,0.00,,0.00,,,,
1,1/17/2026 12:00:00 AM,AA,5900,12223,1222305,32223,11057,1105704,31057,CLT,1720,1707,-13.00,0.00,,0.00,,,,
1,1/17/2026 12:00:00 AM,AA,5922,11057,1105704,31057,12223,1222305,32223,HTS,2229,2221,-8.00,0.00,,0.00,,,,
1,1/17/2026 12:00:00 AM,AA,5955,12223,1222305,32223,11057,1105704,31057,CLT,0600,0558,-2.00,0.00,,0.00,,,,
1,1/17/2026 12:00:00 AM,AA,5985,11057,1105704,31057,12223,1222305,32223,HTS,0950,0942,-8.00,0.00,,0.00,,,,
1,1/17/2026 12:00:00 AM,AA,5985,12223,1222305,32223,11057,1105704,31057,CLT,1140,1127,-13.00,0.00,,0.00,,,,
1,1/17/2026 12:00:00 AM,DL,3702,10397,1039708,30397,11146,1114608,31146,CRW,1010,1009,-1.00,0.00,,0.00,,,,
1,1/17/2026 12:00:00 AM,DL,3702,11146,1114608,31146,10397,1039708,30397,ATL,1220,1214,-6.00,0.00,,0.00,,,,
1,1/17/2026 12:00:00 AM,DL,3805,11146,1114608,31146,10397,1039708,30397,ATL,0615,0608,-7.00,0.00,,0.00,,,,
1,1/17/2026 12:00:00 AM,DL,3810,10397,1039708,30397,11146,1114608,31146,CRW,2027,2021,-6.00,0.00,,0.00,,,,
1,1/17/2026 12:00:00 AM,DL,3811,11146,1114608,31146,10397,1039708,30397,ATL,1720,1710,-10.00,0.00,,0.00,,,,
1,1/17/2026 12:00:00 AM,DL,4021,10397,1039708,30397,11146,1114608,31146,CRW,1515,1513,-2.00,0.00,,0.00,,,,
1,1/17/2026 12:00:00 AM,UA,4644,11146,1114608,31146,13930,1393008,30977,ORD,1737,1753,16.00,0.00,,0.00,,,,
1,1/17/2026 12:00:00 AM,UA,5025,12264,1226403,30852,13282,1328207,33282,MGW,2219,2212,-7.00,0.00,,0.00,,,,
1,1/17/2026 12:00:00 AM,UA,5045,13282,1328207,33282,12264,1226403,30852,IAD,2005,1955,-10.00,0.00,,0.00,,,,
1,1/17/2026 12:00:00 AM,UA,5134,13282,1328207,33282,13930,1393008,30977,ORD,0840,1233,233.00,0.00,,0.00,0.00,0.00,0.00,194.00
1,1/17/2026 12:00:00 AM,UA,5138,13930,1393008,30977,13282,1328207,33282,MGW,1620,1610,-10.00,0.00,,0.00,,,,
1,1/17/2026 12:00:00 AM,UA,5439,13930,1393008,30977,11146,1114608,31146,CRW,1417,1452,35.00,0.00,,0.00,20.00,0.00,0.00,0.00
1,1/17/2026 12:00:00 AM,UA,5790,13930,1393008,30977,11146,1114608,31146,CRW,1809,2214,245.00,0.00,,0.00,0.00,0.00,0.00,244.00
1,1/17/2026 12:00:00 AM,UA,5801,11146,1114608,31146,13930,1393008,30977,ORD,0650,0702,12.00,0.00,,0.00,,,,
1,1/18/2026 12:00:00 AM,AA,5049,11057,1105704,31057,11146,1114608,31146,CRW,1723,1839,76.00,0.00,,0.00,0.00,0.00,0.00,61.00
1,1/18/2026 12:00:00 AM,AA,5049,11146,1114608,31146,11057,1105704,31057,CLT,1912,2012,60.00,0.00,,0.00,0.00,0.00,0.00,46.00
1,1/18/2026 12:00:00 AM,AA,5153,11146,1114608,31146,11278,1127805,30852,DCA,0600,0554,-6.00,0.00,,0.00,0.00,15.00,0.00,0.00
1,1/18/2026 12:00:00 AM,AA,5231,11146,1114608,31146,11057,1105704,31057,CLT,0745,0949,124.00,0.00,,0.00,0.00,0.00,0.00,0.00
1,1/18/2026 12:00:00 AM,AA,5232,11057,1105704,31057,11146,1114608,31146,CRW,1035,1037,2.00,0.00,,0.00,,,,
1,1/18/2026 12:00:00 AM,AA,5232,11146,1114608,31146,11057,1105704,31057,CLT,1224,1222,-2.00,0.00,,0.00,,,,
1,1/18/2026 12:00:00 AM,AA,5263,11057,1105704,31057,11146,1114608,31146,CRW,2154,2148,-6.00,0.00,,0.00,,,,
1,1/18/2026 12:00:00 AM,AA,5367,11278,1127805,30852,11146,1114608,31146,CRW,2040,2032,-8.00,0.00,,0.00,,,,
1,1/18/2026 12:00:00 AM,AA,5900,11057,1105704,31057,12223,1222305,32223,HTS,1533,1537,4.00,0.00,,0.00,,,,
1,1/18/2026 12:00:00 AM,AA,5900,12223,1222305,32223,11057,1105704,31057,CLT,1720,1711,-9.00,0.00,,0.00,,,,
1,1/18/2026 12:00:00 AM,AA,5922,11057,1105704,31057,12223,1222305,32223,HTS,2149,2205,16.00,0.00,,0.00,,,,
1,1/18/2026 12:00:00 AM,AA,5955,12223,1222305,32223,11057,1105704,31057,CLT,0600,0549,-11.00,0.00,,0.00,,,,
1,1/18/2026 12:00:00 AM,AA,5985,11057,1105704,31057,12223,1222305,32223,HTS,0950,0942,-8.00,0.00,,0.00,,,,
1,1/18/2026 12:00:00 AM,AA,5985,12223,1222305,32223,11057,1105704,31057,CLT,1140,1130,-10.00,0.00,,0.00,,,,
1,1/18/2026 12:00:00 AM,DL,3702,10397,1039708,30397,11146,1114608,31146,CRW,1010,1000,-10.00,0.00,,0.00,,,,
1,1/18/2026 12:00:00 AM,DL,3702,11146,1114608,31146,10397,1039708,30397,ATL,1220,1214,-6.00,0.00,,0.00,,,,
1,1/18/2026 12:00:00 AM,DL,3805,11146,1114608,31146,10397,1039708,30397,ATL,0615,0614,-1.00,0.00,,0.00,55.00,0.00,0.00,0.00
1,1/18/2026 12:00:00 AM,DL,3810,10397,1039708,30397,11146,1114608,31146,CRW,2025,2018,-7.00,0.00,,0.00,,,,
1,1/18/2026 12:00:00 AM,DL,3811,11146,1114608,31146,10397,1039708,30397,ATL,1720,1754,34.00,0.00,,0.00,26.00,0.00,0.00,0.00
1,1/18/2026 12:00:00 AM,DL,4021,10397,1039708,30397,11146,1114608,31146,CRW,1517,1606,49.00,0.00,,0.00,39.00,0.00,0.00,0.00
1,1/18/2026 12:00:00 AM,G4,1245,12223,1222305,32223,14761,1476108,34761,SFB,1413,1453,40.00,0.00,,0.00,36.00,0.00,0.00,0.00
1,1/18/2026 12:00:00 AM,G4,1310,11027,1102705,31027,14761,1476108,34761,SFB,1550,1557,7.00,0.00,,0.00,,,,
1,1/18/2026 12:00:00 AM,G4,2823,14761,1476108,34761,11027,1102705,31027,CKB,1258,1306,8.00,0.00,,0.00,,,,
1,1/18/2026 12:00:00 AM,G4,2861,14761,1476108,34761,12223,1222305,32223,HTS,1130,1123,-7.00,0.00,,0.00,,,,
1,1/18/2026 12:00:00 AM,G4,504,12223,1222305,32223,11697,1169707,32467,FLL,1953,2009,16.00,0.00,,0.00,0.00,0.00,0.00,15.00
1,1/18/2026 12:00:00 AM,G4,509,11697,1169707,32467,12223,1222305,32223,HTS,1633,1705,32.00,0.00,,0.00,0.00,0.00,0.00,25.00
1,1/18/2026 12:00:00 AM,UA,4644,11146,1114608,31146,13930,1393008,30977,ORD,1737,1727,-10.00,0.00,,0.00,,,,
1,1/18/2026 12:00:00 AM,UA,5025,12264,1226403,30852,13282,1328207,33282,MGW,2219,,,1.00,C,0.00,,,,
1,1/18/2026 12:00:00 AM,UA,5045,13282,1328207,33282,12264,1226403,30852,IAD,2005,,,1.00,C,0.00,,,,
1,1/18/2026 12:00:00 AM,UA,5134,13282,1328207,33282,13930,1393008,30977,ORD,0840,0851,11.00,0.00,,0.00,0.00,29.00,0.00,0.00
1,1/18/2026 12:00:00 AM,UA,5138,13930,1393008,30977,13282,1328207,33282,MGW,1620,,,1.00,C,0.00,,,,
1,1/18/2026 12:00:00 AM,UA,5439,13930,1393008,30977,11146,1114608,31146,CRW,1417,1411,-6.00,0.00,,0.00,,,,
1,1/18/2026 12:00:00 AM,UA,5790,13930,1393008,30977,11146,1114608,31146,CRW,1809,1953,104.00,0.00,,0.00,0.00,43.00,0.00,0.00
1,1/18/2026 12:00:00 AM,UA,5801,11146,1114608,31146,13930,1393008,30977,ORD,0650,0649,-1.00,0.00,,0.00,16.00,0.00,0.00,0.00
1,1/19/2026 12:00:00 AM,AA,5049,11057,1105704,31057,11146,1114608,31146,CRW,1723,1718,-5.00,0.00,,0.00,,,,
1,1/19/2026 12:00:00 AM,AA,5049,11146,1114608,31146,11057,1105704,31057,CLT,1912,1858,-14.00,0.00,,0.00,,,,
1,1/19/2026 12:00:00 AM,AA,5153,11146,1114608,31146,11278,1127805,30852,DCA,0549,0543,-6.00,0.00,,0.00,,,,
1,1/19/2026 12:00:00 AM,AA,5231,11146,1114608,31146,11057,1105704,31057,CLT,0745,0737,-8.00,0.00,,0.00,,,,
1,1/19/2026 12:00:00 AM,AA,5232,11057,1105704,31057,11146,1114608,31146,CRW,1035,1114,39.00,0.00,,0.00,30.00,0.00,0.00,0.00
1,1/19/2026 12:00:00 AM,AA,5232,11146,1114608,31146,11057,1105704,31057,CLT,1224,1254,30.00,0.00,,0.00,0.00,4.00,0.00,30.00
1,1/19/2026 12:00:00 AM,AA,5367,11278,1127805,30852,11146,1114608,31146,CRW,2040,2047,7.00,0.00,,0.00,0.00,14.00,0.00,7.00
1,1/19/2026 12:00:00 AM,AA,5900,11057,1105704,31057,12223,1222305,32223,HTS,1533,1640,67.00,0.00,,0.00,40.00,0.00,0.00,13.00
1,1/19/2026 12:00:00 AM,AA,5900,12223,1222305,32223,11057,1105704,31057,CLT,1720,1810,50.00,0.00,,0.00,0.00,0.00,0.00,41.00
1,1/19/2026 12:00:00 AM,AA,5922,11057,1105704,31057,12223,1222305,32223,HTS,2149,2141,-8.00,0.00,,0.00,,,,
1,1/19/2026 12:00:00 AM,AA,5955,12223,1222305,32223,11057,1105704,31057,CLT,0600,1625,625.00,0.00,,0.00,617.00,0.00,0.00,0.00
1,1/19/2026 12:00:00 AM,AA,5985,11057,1105704,31057,12223,1222305,32223,HTS,0950,0942,-8.00,0.00,,0.00,,,,
1,1/19/2026 12:00:00 AM,AA,5985,12223,1222305,32223,11057,1105704,31057,CLT,1140,1130,-10.00,0.00,,0.00,,,,
1,1/19/2026 12:00:00 AM,DL,3702,10397,1039708,30397,11146,1114608,31146,CRW,0907,1446,339.00,0.00,,0.00,339.00,0.00,0.00,0.00
1,1/19/2026 12:00:00 AM,DL,3702,11146,1114608,31146,10397,1039708,30397,ATL,1114,1634,320.00,0.00,,0.00,313.00,0.00,0.00,0.00
1,1/19/2026 12:00:00 AM,DL,3805,11146,1114608,31146,10397,1039708,30397,ATL,0615,0613,-2.00,0.00,,0.00,,,,
1,1/19/2026 12:00:00 AM,DL,3810,10397,1039708,30397,11146,1114608,31146,CRW,2115,0926,731.00,0.00,,0.00,731.00,2.00,0.00,0.00
1,1/19/2026 12:00:00 AM,DL,3811,11146,1114608,31146,10397,1039708,30397,ATL,1549,1608,19.00,0.00,,0.00,,,,
1,1/19/2026 12:00:00 AM,DL,3933,10397,1039708,30397,11146,1114608,31146,CRW,1629,1623,-6.00,0.00,,0.00,,,,
1,1/19/2026 12:00:00 AM,DL,3933,11146,1114608,31146,10397,1039708,30397,ATL,1833,1823,-10.00,0.00,,0.00,,,,
1,1/19/2026 12:00:00 AM,DL,4021,10397,1039708,30397,11146,1114608,31146,CRW,1347,1424,37.00,0.00,,0.00,25.00,0.00,0.00,0.00
1,1/19/2026 12:00:00 AM,G4,1036,12223,1222305,32223,14112,1411206,33195,PIE,2129,2120,-9.00,0.00,,0.00,,,,
1,1/19/2026 12:00:00 AM,G4,2626,14112,1411206,33195,12223,1222305,32223,HTS,1843,1834,-9.00,0.00,,0.00,,,,
1,1/19/2026 12:00:00 AM,UA,4644,11146,1114608,31146,13930,1393008,30977,ORD,1737,1727,-10.00,0.00,,0.00,,,,
1,1/19/2026 12:00:00 AM,UA,5025,12264,1226403,30852,13282,1328207,33282,MGW,2219,2211,-8.00,0.00,,0.00,,,,
1,1/19/2026 12:00:00 AM,UA,5045,13282,1328207,33282,12264,1226403,30852,IAD,2005,1955,-10.00,0.00,,0.00,,,,
1,1/19/2026 12:00:00 AM,UA,5134,13282,1328207,33282,13930,1393008,30977,ORD,0840,1237,237.00,0.00,,0.00,0.00,0.00,0.00,211.00
1,1/19/2026 12:00:00 AM,UA,5138,13930,1393008,30977,13282,1328207,33282,MGW,1620,1650,30.00,0.00,,0.00,30.00,3.00,0.00,0.00
1,1/19/2026 12:00:00 AM,UA,5439,13930,1393008,30977,11146,1114608,31146,CRW,1417,1419,2.00,0.00,,0.00,,,,
1,1/19/2026 12:00:00 AM,UA,5790,13930,1393008,30977,11146,1114608,31146,CRW,1809,1807,-2.00,0.00,,0.00,15.00,0.00,0.00,0.00
1,1/19/2026 12:00:00 AM,UA,5801,11146,1114608,31146,13930,1393008,30977,ORD,0650,0649,-1.00,0.00,,0.00,,,,
1,1/20/2026 12:00:00 AM,AA,5049,11057,1105704,31057,11146,1114608,31146,CRW,1723,1716,-7.00,0.00,,0.00,,,,
1,1/20/2026 12:00:00 AM,AA,5049,11146,1114608,31146,11057,1105704,31057,CLT,1912,1903,-9.00,0.00,,0.00,,,,
1,1/20/2026 12:00:00 AM,AA,5153,11146,1114608,31146,11278,1127805,30852,DCA,0549,0544,-5.00,0.00,,0.00,,,,
1,1/20/2026 12:00:00 AM,AA,5232,11057,1105704,31057,11146,1114608,31146,CRW,1035,1029,-6.00,0.00,,0.00,,,,
1,1/20/2026 12:00:00 AM,AA,5232,11146,1114608,31146,11057,1105704,31057,CLT,1224,1223,-1.00,0.00,,0.00,,,,
1,1/20/2026 12:00:00 AM,AA,5263,11057,1105704,31057,11146,1114608,31146,CRW,2154,2147,-7.00,0.00,,0.00,,,,
1,1/20/2026 12:00:00 AM,AA,5367,11278,1127805,30852,11146,1114608,31146,CRW,2040,2345,185.00,0.00,,0.00,68.00,0.00,0.00,101.00
1,1/20/2026 12:00:00 AM,AA,5900,11057,1105704,31057,12223,1222305,32223,HTS,1533,1528,-5.00,0.00,,0.00,,,,
1,1/20/2026 12:00:00 AM,AA,5900,12223,1222305,32223,11057,1105704,31057,CLT,1720,1709,-11.00,0.00,,0.00,,,,
1,1/20/2026 12:00:00 AM,AA,5922,11057,1105704,31057,12223,1222305,32223,HTS,2149,2141,-8.00,0.00,,0.00,,,,
1,1/20/2026 12:00:00 AM,AA,5955,12223,1222305,32223,11057,1105704,31057,CLT,0600,0558,-2.00,0.00,,0.00,,,,
1,1/20/2026 12:00:00 AM,AA,5985,11057,1105704,31057,12223,1222305,32223,HTS,0950,0942,-8.00,0.00,,0.00,,,,
1,1/20/2026 12:00:00 AM,AA,5985,12223,1222305,32223,11057,1105704,31057,CLT,1140,1127,-13.00,0.00,,0.00,,,,
1,1/20/2026 12:00:00 AM,DL,3702,10397,1039708,30397,11146,1114608,31146,CRW,0907,1003,56.00,0.00,,0.00,0.00,6.00,0.00,0.00
1,1/20/2026 12:00:00 AM,DL,3702,11146,1114608,31146,10397,1039708,30397,ATL,1114,1211,57.00,0.00,,0.00,0.00,0.00,0.00,0.00
1,1/20/2026 12:00:00 AM,DL,3805,11146,1114608,31146,10397,1039708,30397,ATL,0615,1119,304.00,0.00,,0.00,295.00,0.00,0.00,0.00
1,1/20/2026 12:00:00 AM,DL,3810,10397,1039708,30397,11146,1114608,31146,CRW,2115,2245,90.00,0.00,,0.00,83.00,0.00,0.00,0.00
1,1/20/2026 12:00:00 AM,DL,3811,11146,1114608,31146,10397,1039708,30397,ATL,1549,1645,56.00,0.00,,0.00,0.00,10.00,0.00,0.00
1,1/20/2026 12:00:00 AM,DL,3933,10397,1039708,30397,11146,1114608,31146,CRW,1629,1654,25.00,0.00,,0.00,25.00,7.00,0.00,0.00
1,1/20/2026 12:00:00 AM,DL,3933,11146,1114608,31146,10397,1039708,30397,ATL,1833,1858,25.00,0.00,,0.00,,,,
1,1/20/2026 12:00:00 AM,DL,4021,10397,1039708,30397,11146,1114608,31146,CRW,1347,1425,38.00,0.00,,0.00,0.00,14.00,0.00,0.00
1,1/20/2026 12:00:00 AM,UA,4644,11146,1114608,31146,13930,1393008,30977,ORD,1737,1727,-10.00,0.00,,0.00,,,,
1,1/20/2026 12:00:00 AM,UA,5025,12264,1226403,30852,13282,1328207,33282,MGW,2219,2209,-10.00,0.00,,0.00,,,,
1,1/20/2026 12:00:00 AM,UA,5045,13282,1328207,33282,12264,1226403,30852,IAD,2005,2023,18.00,0.00,,0.00,,,,
1,1/20/2026 12:00:00 AM,UA,5134,13282,1328207,33282,13930,1393008,30977,ORD,0840,1033,113.00,0.00,,0.00,0.00,83.00,0.00,0.00
1,1/20/2026 12:00:00 AM,UA,5138,13930,1393008,30977,13282,1328207,33282,MGW,1620,1729,69.00,0.00,,0.00,0.00,0.00,0.00,0.00
1,1/20/2026 12:00:00 AM,UA,5439,13930,1393008,30977,11146,1114608,31146,CRW,1417,1435,18.00,0.00,,0.00,,,,
1,1/20/2026 12:00:00 AM,UA,5790,13930,1393008,30977,11146,1114608,31146,CRW,1809,1810,1.00,0.00,,0.00,,,,
1,1/20/2026 12:00:00 AM,UA,5801,11146,1114608,31146,13930,1393008,30977,ORD,0650,0654,4.00,0.00,,0.00,4.00,71.00,0.00,0.00
1,1/21/2026 12:00:00 AM,AA,5049,11057,1105704,31057,11146,1114608,31146,CRW,1723,1718,-5.00,0.00,,0.00,,,,
1,1/21/2026 12:00:00 AM,AA,5049,11146,1114608,31146,11057,1105704,31057,CLT,1912,1919,7.00,0.00,,0.00,,,,
1,1/21/2026 12:00:00 AM,AA,5153,11146,1114608,31146,11278,1127805,30852,DCA,0549,0539,-10.00,0.00,,0.00,,,,
1,1/21/2026 12:00:00 AM,AA,5231,11146,1114608,31146,11057,1105704,31057,CLT,0745,0738,-7.00,0.00,,0.00,,,,
1,1/21/2026 12:00:00 AM,AA,5232,11057,1105704,31057,11146,1114608,31146,CRW,1035,1029,-6.00,0.00,,0.00,,,,
1,1/21/2026 12:00:00 AM,AA,5232,11146,1114608,31146,11057,1105704,31057,CLT,1224,1221,-3.00,0.00,,0.00,,,,
1,1/21/2026 12:00:00 AM,AA,5263,11057,1105704,31057,11146,1114608,31146,CRW,2154,2147,-7.00,0.00,,0.00,,,,
1,1/21/2026 12:00:00 AM,AA,5367,11278,1127805,30852,11146,1114608,31146,CRW,2040,2036,-4.00,0.00,,0.00,,,,
1,1/21/2026 12:00:00 AM,AA,5900,11057,1105704,31057,12223,1222305,32223,HTS,1533,1525,-8.00,0.00,,0.00,,,,
1,1/21/2026 12:00:00 AM,AA,5900,12223,1222305,32223,11057,1105704,31057,CLT,1720,1709,-11.00,0.00,,0.00,,,,
1,1/21/2026 12:00:00 AM,AA,5922,11057,1105704,31057,12223,1222305,32223,HTS,2149,2141,-8.00,0.00,,0.00,,,,
1,1/21/2026 12:00:00 AM,AA,5955,12223,1222305,32223,11057,1105704,31057,CLT,0600,0551,-9.00,0.00,,0.00,,,,
1,1/21/2026 12:00:00 AM,AA,5985,11057,1105704,31057,12223,1222305,32223,HTS,0950,0943,-7.00,0.00,,0.00,,,,
1,1/21/2026 12:00:00 AM,AA,5985,12223,1222305,32223,11057,1105704,31057,CLT,1140,1130,-10.00,0.00,,0.00,,,,
1,1/21/2026 12:00:00 AM,DL,3702,10397,1039708,30397,11146,1114608,31146,CRW,0907,0916,9.00,0.00,,0.00,,,,
1,1/21/2026 12:00:00 AM,DL,3702,11146,1114608,31146,10397,1039708,30397,ATL,1114,1106,-8.00,0.00,,0.00,,,,
1,1/21/2026 12:00:00 AM,DL,3805,11146,1114608,31146,10397,1039708,30397,ATL,0615,0641,26.00,0.00,,0.00,26.00,17.00,0.00,0.00
1,1/21/2026 12:00:00 AM,DL,3810,10397,1039708,30397,11146,1114608,31146,CRW,2115,2110,-5.00,0.00,,0.00,,,,
1,1/21/2026 12:00:00 AM,DL,3811,11146,1114608,31146,10397,1039708,30397,ATL,1549,1535,-14.00,0.00,,0.00,,,,
1,1/21/2026 12:00:00 AM,DL,3933,10397,1039708,30397,11146,1114608,31146,CRW,1629,1626,-3.00,0.00,,0.00,,,,
1,1/21/2026 12:00:00 AM,DL,3933,11146,1114608,31146,10397,1039708,30397,ATL,1833,1830,-3.00,0.00,,0.00,,,,
1,1/21/2026 12:00:00 AM,DL,4021,10397,1039708,30397,11146,1114608,31146,CRW,1347,1345,-2.00,0.00,,0.00,,,,
1,1/21/2026 12:00:00 AM,UA,4644,11146,1114608,31146,13930,1393008,30977,ORD,1737,1725,-12.00,0.00,,0.00,,,,
1,1/21/2026 12:00:00 AM,UA,5025,12264,1226403,30852,13282,1328207,33282,MGW,2219,2326,67.00,0.00,,0.00,0.00,0.00,0.00,56.00
1,1/21/2026 12:00:00 AM,UA,5045,13282,1328207,33282,12264,1226403,30852,IAD,2005,2210,125.00,0.00,,0.00,0.00,0.00,0.00,111.00
1,1/21/2026 12:00:00 AM,UA,5134,13282,1328207,33282,13930,1393008,30977,ORD,0840,0824,-16.00,0.00,,0.00,,,,
1,1/21/2026 12:00:00 AM,UA,5138,13930,1393008,30977,13282,1328207,33282,MGW,1620,1828,128.00,0.00,,0.00,0.00,31.00,0.00,128.00
1,1/21/2026 12:00:00 AM,UA,5439,13930,1393008,30977,11146,1114608,31146,CRW,1417,1418,1.00,0.00,,0.00,,,,
1,1/21/2026 12:00:00 AM,UA,5790,13930,1393008,30977,11146,1114608,31146,CRW,1809,1806,-3.00,0.00,,0.00,35.00,0.00,0.00,0.00
1,1/21/2026 12:00:00 AM,UA,5801,11146,1114608,31146,13930,1393008,30977,ORD,0650,0651,1.00,0.00,,0.00,1.00,29.00,0.00,0.00
1,1/22/2026 12:00:00 AM,AA,5049,11057,1105704,31057,11146,1114608,31146,CRW,1723,1717,-6.00,0.00,,0.00,,,,
1,1/22/2026 12:00:00 AM,AA,5049,11146,1114608,31146,11057,1105704,31057,CLT,1912,1859,-13.00,0.00,,0.00,,,,
1,1/22/2026 12:00:00 AM,AA,5153,11146,1114608,31146,11278,1127805,30852,DCA,0549,0538,-11.00,0.00,,0.00,,,,
1,1/22/2026 12:00:00 AM,AA,5231,11146,1114608,31146,11057,1105704,31057,CLT,0745,0736,-9.00,0.00,,0.00,,,,
1,1/22/2026 12:00:00 AM,AA,5232,11057,1105704,31057,11146,1114608,31146,CRW,1035,1031,-4.00,0.00,,0.00,,,,
1,1/22/2026 12:00:00 AM,AA,5232,11146,1114608,31146,11057,1105704,31057,CLT,1224,1221,-3.00,0.00,,0.00,,,,
1,1/22/2026 12:00:00 AM,AA,5263,11057,1105704,31057,11146,1114608,31146,CRW,2154,2146,-8.00,0.00,,0.00,,,,
1,1/22/2026 12:00:00 AM,AA,5367,11278,1127805,30852,11146,1114608,31146,CRW,2040,2046,6.00,0.00,,0.00,,,,
1,1/22/2026 12:00:00 AM,AA,5900,11057,1105704,31057,12223,1222305,32223,HTS,1533,1525,-8.00,0.00,,0.00,,,,
1,1/22/2026 12:00:00 AM,AA,5900,12223,1222305,32223,11057,1105704,31057,CLT,1720,1709,-11.00,0.00,,0.00,,,,
1,1/22/2026 12:00:00 AM,AA,5922,11057,1105704,31057,12223,1222305,32223,HTS,2149,2142,-7.00,0.00,,0.00,,,,
1,1/22/2026 12:00:00 AM,AA,5955,12223,1222305,32223,11057,1105704,31057,CLT,0600,0551,-9.00,0.00,,0.00,,,,
1,1/22/2026 12:00:00 AM,AA,5985,11057,1105704,31057,12223,1222305,32223,HTS,0950,0944,-6.00,0.00,,0.00,,,,
1,1/22/2026 12:00:00 AM,AA,5985,12223,1222305,32223,11057,1105704,31057,CLT,1140,1129,-11.00,0.00,,0.00,,,,
1,1/22/2026 12:00:00 AM,DL,3702,10397,1039708,30397,11146,1114608,31146,CRW,0907,0858,-9.00,0.00,,0.00,,,,
1,1/22/2026 12:00:00 AM,DL,3702,11146,1114608,31146,10397,1039708,30397,ATL,1114,1123,9.00,0.00,,0.00,,,,
1,1/22/2026 12:00:00 AM,DL,3805,11146,1114608,31146,10397,1039708,30397,ATL,0615,0615,0.00,0.00,,0.00,,,,
1,1/22/2026 12:00:00 AM,DL,3810,10397,1039708,30397,11146,1114608,31146,CRW,2115,2111,-4.00,0.00,,0.00,,,,
1,1/22/2026 12:00:00 AM,DL,3811,11146,1114608,31146,10397,1039708,30397,ATL,1549,1542,-7.00,0.00,,0.00,,,,
1,1/22/2026 12:00:00 AM,DL,3933,10397,1039708,30397,11146,1114608,31146,CRW,1629,1640,11.00,0.00,,0.00,,,,
1,1/22/2026 12:00:00 AM,DL,3933,11146,1114608,31146,10397,1039708,30397,ATL,1833,1847,14.00,0.00,,0.00,,,,
1,1/22/2026 12:00:00 AM,DL,4021,10397,1039708,30397,11146,1114608,31146,CRW,1347,1336,-11.00,0.00,,0.00,,,,
1,1/22/2026 12:00:00 AM,G4,1245,12223,1222305,32223,14761,1476108,34761,SFB,1413,1440,27.00,0.00,,0.00,27.00,2.00,0.00,0.00
1,1/22/2026 12:00:00 AM,G4,1310,11027,1102705,31027,14761,1476108,34761,SFB,1550,1552,2.00,0.00,,0.00,,,,
1,1/22/2026 12:00:00 AM,G4,2851,14761,1476108,34761,12223,1222305,32223,HTS,1130,1120,-10.00,0.00,,0.00,,,,
1,1/22/2026 12:00:00 AM,G4,2923,14761,1476108,34761,11027,1102705,31027,CKB,1258,1251,-7.00,0.00,,0.00,,,,
1,1/22/2026 12:00:00 AM,G4,504,12223,1222305,32223,11697,1169707,32467,FLL,2003,0034,271.00,0.00,,0.00,261.00,0.00,0.00,4.00
1,1/22/2026 12:00:00 AM,G4,509,11697,1169707,32467,12223,1222305,32223,HTS,1643,1648,5.00,0.00,,0.00,,,,
1,1/22/2026 12:00:00 AM,UA,4644,11146,1114608,31146,13930,1393008,30977,ORD,1737,1844,67.00,0.00,,0.00,0.00,37.00,0.00,67.00
1,1/22/2026 12:00:00 AM,UA,5025,12264,1226403,30852,13282,1328207,33282,MGW,2219,2201,-18.00,0.00,,0.00,,,,
1,1/22/2026 12:00:00 AM,UA,5045,13282,1328207,33282,12264,1226403,30852,IAD,2005,2038,33.00,0.00,,0.00,,,,
1,1/22/2026 12:00:00 AM,UA,5134,13282,1328207,33282,13930,1393008,30977,ORD,0840,1137,177.00,0.00,,0.00,153.00,0.00,0.00,0.00
1,1/22/2026 12:00:00 AM,UA,5138,13930,1393008,30977,13282,1328207,33282,MGW,1620,1748,88.00,0.00,,0.00,69.00,0.00,0.00,0.00
1,1/22/2026 12:00:00 AM,UA,5439,13930,1393008,30977,11146,1114608,31146,CRW,1417,1529,72.00,0.00,,0.00,0.00,0.00,0.00,59.00
1,1/22/2026 12:00:00 AM,UA,5790,13930,1393008,30977,11146,1114608,31146,CRW,1809,1757,-12.00,0.00,,0.00,,,,
1,1/22/2026 12:00:00 AM,UA,5801,11146,1114608,31146,13930,1393008,30977,ORD,0650,0647,-3.00,0.00,,0.00,,,,
1,1/23/2026 12:00:00 AM,AA,5049,11057,1105704,31057,11146,1114608,31146,CRW,1723,1718,-5.00,0.00,,0.00,,,,
1,1/23/2026 12:00:00 AM,AA,5049,11146,1114608,31146,11057,1105704,31057,CLT,1912,1901,-11.00,0.00,,0.00,,,,
1,1/23/2026 12:00:00 AM,AA,5153,11146,1114608,31146,11278,1127805,30852,DCA,0549,0537,-12.00,0.00,,0.00,0.00,28.00,0.00,0.00
1,1/23/2026 12:00:00 AM,AA,5231,11146,1114608,31146,11057,1105704,31057,CLT,0745,0745,0.00,0.00,,0.00,,,,
1,1/23/2026 12:00:00 AM,AA,5232,11057,1105704,31057,11146,1114608,31146,CRW,1035,1036,1.00,0.00,,0.00,,,,
1,1/23/2026 12:00:00 AM,AA,5232,11146,1114608,31146,11057,1105704,31057,CLT,1224,1230,6.00,0.00,,0.00,,,,
1,1/23/2026 12:00:00 AM,AA,5263,11057,1105704,31057,11146,1114608,31146,CRW,2154,2148,-6.00,0.00,,0.00,,,,
1,1/23/2026 12:00:00 AM,AA,5367,11278,1127805,30852,11146,1114608,31146,CRW,2103,0936,753.00,0.00,,0.00,0.00,0.00,0.00,748.00
1,1/23/2026 12:00:00 AM,AA,5900,11057,1105704,31057,12223,1222305,32223,HTS,1533,1551,18.00,0.00,,0.00,,,,
1,1/23/2026 12:00:00 AM,AA,5900,12223,1222305,32223,11057,1105704,31057,CLT,1720,1716,-4.00,0.00,,0.00,,,,
1,1/23/2026 12:00:00 AM,AA,5922,11057,1105704,31057,12223,1222305,32223,HTS,2149,2141,-8.00,0.00,,0.00,,,,
1,1/23/2026 12:00:00 AM,AA,5955,12223,1222305,32223,11057,1105704,31057,CLT,0600,0552,-8.00,0.00,,0.00,,,,
1,1/23/2026 12:00:00 AM,AA,5985,11057,1105704,31057,12223,1222305,32223,HTS,0950,1011,21.00,0.00,,0.00,,,,
1,1/23/2026 12:00:00 AM,AA,5985,12223,1222305,32223,11057,1105704,31057,CLT,1140,1141,1.00,0.00,,0.00,,,,
1,1/23/2026 12:00:00 AM,DL,3702,10397,1039708,30397,11146,1114608,31146,CRW,0907,1204,177.00,0.00,,0.00,176.00,0.00,0.00,0.00
1,1/23/2026 12:00:00 AM,DL,3702,11146,1114608,31146,10397,1039708,30397,ATL,1114,1409,175.00,0.00,,0.00,170.00,0.00,0.00,0.00
1,1/23/2026 12:00:00 AM,DL,3805,11146,1114608,31146,10397,1039708,30397,ATL,0615,,,1.00,A,0.00,,,,
1,1/23/2026 12:00:00 AM,DL,3810,10397,1039708,30397,11146,1114608,31146,CRW,2115,2353,158.00,0.00,,0.00,0.00,169.00,0.00,0.00
1,1/23/2026 12:00:00 AM,DL,3811,11146,1114608,31146,10397,1039708,30397,ATL,1549,2128,339.00,0.00,,0.00,0.00,327.00,0.00,0.00
1,1/23/2026 12:00:00 AM,DL,3933,10397,1039708,30397,11146,1114608,31146,CRW,1629,1728,59.00,0.00,,0.00,48.00,0.00,0.00,0.00
1,1/23/2026 12:00:00 AM,DL,3933,11146,1114608,31146,10397,1039708,30397,ATL,1833,1928,55.00,0.00,,0.00,41.00,0.00,0.00,0.00
1,1/23/2026 12:00:00 AM,DL,4021,10397,1039708,30397,11146,1114608,31146,CRW,1347,1948,361.00,0.00,,0.00,0.00,352.00,0.00,0.00
1,1/23/2026 12:00:00 AM,G4,1036,12223,1222305,32223,14112,1411206,33195,PIE,2129,2351,142.00,0.00,,0.00,0.00,0.00,0.00,137.00
1,1/23/2026 12:00:00 AM,G4,2626,14112,1411206,33195,12223,1222305,32223,HTS,1843,2110,147.00,0.00,,0.00,2.00,0.00,0.00,142.00
1,1/23/2026 12:00:00 AM,UA,4644,11146,1114608,31146,13930,1393008,30977,ORD,1737,1847,70.00,0.00,,0.00,0.00,14.00,0.00,70.00
1,1/23/2026 12:00:00 AM,UA,5025,12264,1226403,30852,13282,1328207,33282,MGW,2219,2214,-5.00,0.00,,0.00,,,,
1,1/23/2026 12:00:00 AM,UA,5045,13282,1328207,33282,12264,1226403,30852,IAD,2005,1955,-10.00,0.00,,0.00,,,,
1,1/23/2026 12:00:00 AM,UA,5134,13282,1328207,33282,13930,1393008,30977,ORD,0840,0830,-10.00,0.00,,0.00,,,,
1,1/23/2026 12:00:00 AM,UA,5138,13930,1393008,30977,13282,1328207,33282,MGW,1620,1644,24.00,0.00,,0.00,,,,
1,1/23/2026 12:00:00 AM,UA,5439,13930,1393008,30977,11146,1114608,31146,CRW,1417,1550,93.00,0.00,,0.00,72.00,0.00,0.00,0.00
1,1/23/2026 12:00:00 AM,UA,5790,13930,1393008,30977,11146,1114608,31146,CRW,1809,,,1.00,B,0.00,,,,
1,1/23/2026 12:00:00 AM,UA,5801,11146,1114608,31146,13930,1393008,30977,ORD,0650,0646,-4.00,0.00,,0.00,,,,
1,1/24/2026 12:00:00 AM,AA,5049,11057,1105704,31057,11146,1114608,31146,CRW,1723,1718,-5.00,0.00,,0.00,,,,
1,1/24/2026 12:00:00 AM,AA,5049,11146,1114608,31146,11057,1105704,31057,CLT,1912,,,1.00,B,0.00,,,,
1,1/24/2026 12:00:00 AM,AA,5153,11146,1114608,31146,11278,1127805,30852,DCA,0600,1126,326.00,0.00,,0.00,316.00,0.00,0.00,0.00
1,1/24/2026 12:00:00 AM,AA,5231,11146,1114608,31146,11057,1105704,31057,CLT,0745,0739,-6.00,0.00,,0.00,,,,
1,1/24/2026 12:00:00 AM,AA,5232,11057,1105704,31057,11146,1114608,31146,CRW,1030,1012,-18.00,0.00,,0.00,,,,
1,1/24/2026 12:00:00 AM,AA,5232,11146,1114608,31146,11057,1105704,31057,CLT,1219,1212,-7.00,0.00,,0.00,,,,
1,1/24/2026 12:00:00 AM,AA,5263,11057,1105704,31057,11146,1114608,31146,CRW,2204,,,1.00,B,0.00,,,,
1,1/24/2026 12:00:00 AM,AA,5367,11278,1127805,30852,11146,1114608,31146,CRW,1959,1952,-7.00,0.00,,0.00,,,,
1,1/24/2026 12:00:00 AM,AA,5900,11057,1105704,31057,12223,1222305,32223,HTS,1533,,,1.00,B,0.00,,,,
1,1/24/2026 12:00:00 AM,AA,5900,12223,1222305,32223,11057,1105704,31057,CLT,1720,,,1.00,B,0.00,,,,
1,1/24/2026 12:00:00 AM,AA,5922,11057,1105704,31057,12223,1222305,32223,HTS,2229,,,1.00,B,0.00,,,,
1,1/24/2026 12:00:00 AM,AA,5955,12223,1222305,32223,11057,1105704,31057,CLT,0600,0550,-10.00,0.00,,0.00,,,,
1,1/24/2026 12:00:00 AM,AA,5985,11057,1105704,31057,12223,1222305,32223,HTS,0950,0943,-7.00,0.00,,0.00,,,,
1,1/24/2026 12:00:00 AM,AA,5985,12223,1222305,32223,11057,1105704,31057,CLT,1140,1130,-10.00,0.00,,0.00,,,,
1,1/24/2026 12:00:00 AM,DL,3702,10397,1039708,30397,11146,1114608,31146,CRW,0907,0924,17.00,0.00,,0.00,,,,
1,1/24/2026 12:00:00 AM,DL,3702,11146,1114608,31146,10397,1039708,30397,ATL,1114,1125,11.00,0.00,,0.00,,,,
1,1/24/2026 12:00:00 AM,DL,3805,11146,1114608,31146,10397,1039708,30397,ATL,0615,1307,412.00,0.00,,0.00,408.00,0.00,0.00,0.00
1,1/24/2026 12:00:00 AM,DL,3810,10397,1039708,30397,11146,1114608,31146,CRW,2027,,,1.00,B,0.00,,,,
1,1/24/2026 12:00:00 AM,DL,3811,11146,1114608,31146,10397,1039708,30397,ATL,1600,1616,16.00,0.00,,0.00,16.00,6.00,0.00,0.00
1,1/24/2026 12:00:00 AM,DL,4021,10397,1039708,30397,11146,1114608,31146,CRW,1347,1440,53.00,0.00,,0.00,39.00,0.00,0.00,0.00
1,1/24/2026 12:00:00 AM,UA,4644,11146,1114608,31146,13930,1393008,30977,ORD,1737,1811,34.00,0.00,,0.00,0.00,37.00,0.00,34.00
1,1/24/2026 12:00:00 AM,UA,5025,12264,1226403,30852,13282,1328207,33282,MGW,2219,,,1.00,B,0.00,,,,
1,1/24/2026 12:00:00 AM,UA,5045,13282,1328207,33282,12264,1226403,30852,IAD,2005,,,1.00,B,0.00,,,,
1,1/24/2026 12:00:00 AM,UA,5134,13282,1328207,33282,13930,1393008,30977,ORD,0840,0830,-10.00,0.00,,0.00,,,,
1,1/24/2026 12:00:00 AM,UA,5138,13930,1393008,30977,13282,1328207,33282,MGW,1620,,,1.00,B,0.00,,,,
1,1/24/2026 12:00:00 AM,UA,5439,13930,1393008,30977,11146,1114608,31146,CRW,1417,1521,64.00,0.00,,0.00,0.00,0.00,0.00,49.00
1,1/24/2026 12:00:00 AM,UA,5790,13930,1393008,30977,11146,1114608,31146,CRW,1809,,,1.00,B,0.00,,,,
1,1/24/2026 12:00:00 AM,UA,5801,11146,1114608,31146,13930,1393008,30977,ORD,0650,,,1.00,B,0.00,,,,
1,1/25/2026 12:00:00 AM,AA,5049,11057,1105704,31057,11146,1114608,31146,CRW,1723,,,1.00,B,0.00,,,,
1,1/25/2026 12:00:00 AM,AA,5049,11146,1114608,31146,11057,1105704,31057,CLT,1912,,,1.00,B,0.00,,,,
1,1/25/2026 12:00:00 AM,AA,5153,11146,1114608,31146,11278,1127805,30852,DCA,0600,,,1.00,B,0.00,,,,
1,1/25/2026 12:00:00 AM,AA,5231,11146,1114608,31146,11057,1105704,31057,CLT,0745,,,1.00,B,0.00,,,,
1,1/25/2026 12:00:00 AM,AA,5232,11057,1105704,31057,11146,1114608,31146,CRW,1035,,,1.00,B,0.00,,,,
1,1/25/2026 12:00:00 AM,AA,5232,11146,1114608,31146,11057,1105704,31057,CLT,1224,,,1.00,B,0.00,,,,
1,1/25/2026 12:00:00 AM,AA,5263,11057,1105704,31057,11146,1114608,31146,CRW,2154,,,1.00,B,0.00,,,,
1,1/25/2026 12:00:00 AM,AA,5367,11278,1127805,30852,11146,1114608,31146,CRW,2040,,,1.00,B,0.00,,,,
1,1/25/2026 12:00:00 AM,AA,5900,11057,1105704,31057,12223,1222305,32223,HTS,1533,,,1.00,B,0.00,,,,
1,1/25/2026 12:00:00 AM,AA,5900,12223,1222305,32223,11057,1105704,31057,CLT,1720,,,1.00,B,0.00,,,,
1,1/25/2026 12:00:00 AM,AA,5922,11057,1105704,31057,12223,1222305,32223,HTS,2149,,,1.00,B,0.00,,,,
1,1/25/2026 12:00:00 AM,AA,5955,12223,1222305,32223,11057,1105704,31057,CLT,0600,,,1.00,B,0.00,,,,
1,1/25/2026 12:00:00 AM,AA,5985,11057,1105704,31057,12223,1222305,32223,HTS,0950,,,1.00,B,0.00,,,,
1,1/25/2026 12:00:00 AM,AA,5985,12223,1222305,32223,11057,1105704,31057,CLT,1140,,,1.00,B,0.00,,,,
1,1/25/2026 12:00:00 AM,DL,3702,10397,1039708,30397,11146,1114608,31146,CRW,0907,,,1.00,B,0.00,,,,
1,1/25/2026 12:00:00 AM,DL,3702,11146,1114608,31146,10397,1039708,30397,ATL,1114,,,1.00,B,0.00,,,,
1,1/25/2026 12:00:00 AM,DL,3805,11146,1114608,31146,10397,1039708,30397,ATL,0615,,,1.00,B,0.00,,,,
1,1/25/2026 12:00:00 AM,DL,3810,10397,1039708,30397,11146,1114608,31146,CRW,2115,,,1.00,B,0.00,,,,
1,1/25/2026 12:00:00 AM,DL,3811,11146,1114608,31146,10397,1039708,30397,ATL,1549,,,1.00,B,0.00,,,,
1,1/25/2026 12:00:00 AM,DL,3933,10397,1039708,30397,11146,1114608,31146,CRW,1629,,,1.00,B,0.00,,,,
1,1/25/2026 12:00:00 AM,DL,3933,11146,1114608,31146,10397,1039708,30397,ATL,1833,,,1.00,B,0.00,,,,
1,1/25/2026 12:00:00 AM,DL,4021,10397,1039708,30397,11146,1114608,31146,CRW,1347,,,1.00,B,0.00,,,,
1,1/25/2026 12:00:00 AM,G4,1245,12223,1222305,32223,14761,1476108,34761,SFB,1413,,,1.00,B,0.00,,,,
1,1/25/2026 12:00:00 AM,G4,1310,11027,1102705,31027,14761,1476108,34761,SFB,1550,1732,102.00,0.00,,0.00,0.00,14.00,0.00,64.00
1,1/25/2026 12:00:00 AM,G4,2823,14761,1476108,34761,11027,1102705,31027,CKB,1258,1413,75.00,0.00,,0.00,32.00,0.00,0.00,0.00
1,1/25/2026 12:00:00 AM,G4,2861,14761,1476108,34761,12223,1222305,32223,HTS,1130,,,1.00,B,0.00,,,,
1,1/25/2026 12:00:00 AM,G4,504,12223,1222305,32223,11697,1169707,32467,FLL,2003,,,1.00,B,0.00,,,,
1,1/25/2026 12:00:00 AM,G4,509,11697,1169707,32467,12223,1222305,32223,HTS,1643,,,1.00,B,0.00,,,,
1,1/25/2026 12:00:00 AM,UA,4644,11146,1114608,31146,13930,1393008,30977,ORD,1737,,,1.00,B,0.00,,,,
1,1/25/2026 12:00:00 AM,UA,5025,12264,1226403,30852,13282,1328207,33282,MGW,2219,,,1.00,B,0.00,,,,
1,1/25/2026 12:00:00 AM,UA,5045,13282,1328207,33282,12264,1226403,30852,IAD,2005,,,1.00,B,0.00,,,,
1,1/25/2026 12:00:00 AM,UA,5134,13282,1328207,33282,13930,1393008,30977,ORD,0840,,,1.00,B,0.00,,,,
1,1/25/2026 12:00:00 AM,UA,5138,13930,1393008,30977,13282,1328207,33282,MGW,1620,,,1.00,B,0.00,,,,
1,1/25/2026 12:00:00 AM,UA,5439,13930,1393008,30977,11146,1114608,31146,CRW,1417,,,1.00,B,0.00,,,,
1,1/25/2026 12:00:00 AM,UA,5790,13930,1393008,30977,11146,1114608,31146,CRW,1809,,,1.00,B,0.00,,,,
1,1/25/2026 12:00:00 AM,UA,5801,11146,1114608,31146,13930,1393008,30977,ORD,0650,,,1.00,B,0.00,,,,
1,1/26/2026 12:00:00 AM,AA,5049,11057,1105704,31057,11146,1114608,31146,CRW,1723,,,1.00,B,0.00,,,,
1,1/26/2026 12:00:00 AM,AA,5049,11146,1114608,31146,11057,1105704,31057,CLT,1912,,,1.00,B,0.00,,,,
1,1/26/2026 12:00:00 AM,AA,5153,11146,1114608,31146,11278,1127805,30852,DCA,0549,,,1.00,B,0.00,,,,
1,1/26/2026 12:00:00 AM,AA,5231,11146,1114608,31146,11057,1105704,31057,CLT,0745,,,1.00,B,0.00,,,,
1,1/26/2026 12:00:00 AM,AA,5232,11057,1105704,31057,11146,1114608,31146,CRW,1035,1202,87.00,0.00,,0.00,0.00,0.00,0.00,4.00
1,1/26/2026 12:00:00 AM,AA,5232,11146,1114608,31146,11057,1105704,31057,CLT,1224,1400,96.00,0.00,,0.00,22.00,4.00,0.00,74.00
1,1/26/2026 12:00:00 AM,AA,5263,11057,1105704,31057,11146,1114608,31146,CRW,2154,2205,11.00,0.00,,0.00,,,,
1,1/26/2026 12:00:00 AM,AA,5367,11278,1127805,30852,11146,1114608,31146,CRW,2040,,,1.00,B,0.00,,,,
1,1/26/2026 12:00:00 AM,AA,5900,11057,1105704,31057,12223,1222305,32223,HTS,1533,1627,54.00,0.00,,0.00,0.00,0.00,0.00,50.00
1,1/26/2026 12:00:00 AM,AA,5900,12223,1222305,32223,11057,1105704,31057,CLT,1720,1813,53.00,0.00,,0.00,3.00,17.00,0.00,50.00
1,1/26/2026 12:00:00 AM,AA,5922,11057,1105704,31057,12223,1222305,32223,HTS,2149,2143,-6.00,0.00,,0.00,,,,
1,1/26/2026 12:00:00 AM,AA,5955,12223,1222305,32223,11057,1105704,31057,CLT,0600,,,1.00,B,0.00,,,,
1,1/26/2026 12:00:00 AM,AA,5985,11057,1105704,31057,12223,1222305,32223,HTS,0950,1343,233.00,0.00,,0.00,0.00,0.00,0.00,111.00
1,1/26/2026 12:00:00 AM,AA,5985,12223,1222305,32223,11057,1105704,31057,CLT,1140,1509,209.00,0.00,,0.00,0.00,35.00,0.00,209.00
1,1/26/2026 12:00:00 AM,DL,3702,10397,1039708,30397,11146,1114608,31146,CRW,0907,,,1.00,B,0.00,,,,
1,1/26/2026 12:00:00 AM,DL,3702,11146,1114608,31146,10397,1039708,30397,ATL,1114,,,1.00,B,0.00,,,,
1,1/26/2026 12:00:00 AM,DL,3805,11146,1114608,31146,10397,1039708,30397,ATL,0615,,,1.00,B,0.00,,,,
1,1/26/2026 12:00:00 AM,DL,3810,10397,1039708,30397,11146,1114608,31146,CRW,2115,2215,60.00,0.00,,0.00,60.00,10.00,0.00,0.00
1,1/26/2026 12:00:00 AM,DL,3811,11146,1114608,31146,10397,1039708,30397,ATL,1549,2327,458.00,0.00,,0.00,0.00,41.00,0.00,0.00
1,1/26/2026 12:00:00 AM,DL,3933,10397,1039708,30397,11146,1114608,31146,CRW,1629,1655,26.00,0.00,,0.00,25.00,0.00,0.00,0.00
1,1/26/2026 12:00:00 AM,DL,3933,11146,1114608,31146,10397,1039708,30397,ATL,1833,1914,41.00,0.00,,0.00,41.00,34.00,0.00,0.00
1,1/26/2026 12:00:00 AM,DL,4021,10397,1039708,30397,11146,1114608,31146,CRW,1347,1518,91.00,0.00,,1.00,,,,
1,1/26/2026 12:00:00 AM,G4,1036,12223,1222305,32223,14112,1411206,33195,PIE,2129,2252,83.00,0.00,,0.00,0.00,0.00,0.00,0.00
1,1/26/2026 12:00:00 AM,G4,2626,14112,1411206,33195,12223,1222305,32223,HTS,1843,1949,66.00,0.00,,0.00,55.00,0.00,0.00,8.00
1,1/26/2026 12:00:00 AM,UA,4644,11146,1114608,31146,13930,1393008,30977,ORD,1737,2110,213.00,0.00,,0.00,213.00,17.00,0.00,0.00
1,1/26/2026 12:00:00 AM,UA,5025,12264,1226403,30852,13282,1328207,33282,MGW,2219,,,1.00,C,0.00,,,,
1,1/26/2026 12:00:00 AM,UA,5045,13282,1328207,33282,12264,1226403,30852,IAD,2005,,,1.00,B,0.00,,,,
1,1/26/2026 12:00:00 AM,UA,5134,13282,1328207,33282,13930,1393008,30977,ORD,0840,,,1.00,B,0.00,,,,
1,1/26/2026 12:00:00 AM,UA,5138,13930,1393008,30977,13282,1328207,33282,MGW,1620,,,1.00,B,0.00,,,,
1,1/26/2026 12:00:00 AM,UA,5439,13930,1393008,30977,11146,1114608,31146,CRW,1417,1637,140.00,0.00,,0.00,140.00,13.00,0.00,0.00
1,1/26/2026 12:00:00 AM,UA,5790,13930,1393008,30977,11146,1114608,31146,CRW,1809,2143,214.00,0.00,,0.00,0.00,40.00,0.00,214.00
1,1/26/2026 12:00:00 AM,UA,5801,11146,1114608,31146,13930,1393008,30977,ORD,0650,,,1.00,B,0.00,,,,
1,1/27/2026 12:00:00 AM,AA,5049,11057,1105704,31057,11146,1114608,31146,CRW,1723,,,1.00,B,0.00,,,,
1,1/27/2026 12:00:00 AM,AA,5049,11146,1114608,31146,11057,1105704,31057,CLT,1912,,,1.00,B,0.00,,,,
1,1/27/2026 12:00:00 AM,AA,5153,11146,1114608,31146,11278,1127805,30852,DCA,0549,,,1.00,B,0.00,,,,
1,1/27/2026 12:00:00 AM,AA,5231,11146,1114608,31146,11057,1105704,31057,CLT,0745,1141,236.00,0.00,,0.00,207.00,0.00,0.00,0.00
1,1/27/2026 12:00:00 AM,AA,5232,11057,1105704,31057,11146,1114608,31146,CRW,1035,1347,192.00,0.00,,0.00,0.00,0.00,0.00,172.00
1,1/27/2026 12:00:00 AM,AA,5232,11146,1114608,31146,11057,1105704,31057,CLT,1224,1550,206.00,0.00,,0.00,24.00,0.00,0.00,159.00
1,1/27/2026 12:00:00 AM,AA,5263,11057,1105704,31057,11146,1114608,31146,CRW,2154,0046,172.00,0.00,,0.00,0.00,0.00,0.00,0.00
1,1/27/2026 12:00:00 AM,AA,5367,11278,1127805,30852,11146,1114608,31146,CRW,2040,,,1.00,B,0.00,,,,
1,1/27/2026 12:00:00 AM,AA,5900,11057,1105704,31057,12223,1222305,32223,HTS,1533,1545,12.00,0.00,,0.00,,,,
1,1/27/2026 12:00:00 AM,AA,5900,12223,1222305,32223,11057,1105704,31057,CLT,1720,1725,5.00,0.00,,0.00,,,,
1,1/27/2026 12:00:00 AM,AA,5922,11057,1105704,31057,12223,1222305,32223,HTS,2149,2140,-9.00,0.00,,0.00,,,,
1,1/27/2026 12:00:00 AM,AA,5955,12223,1222305,32223,11057,1105704,31057,CLT,0600,0555,-5.00,0.00,,0.00,,,,
1,1/27/2026 12:00:00 AM,AA,5985,11057,1105704,31057,12223,1222305,32223,HTS,0950,1150,120.00,0.00,,0.00,109.00,0.00,0.00,0.00
1,1/27/2026 12:00:00 AM,AA,5985,12223,1222305,32223,11057,1105704,31057,CLT,1140,1322,102.00,0.00,,0.00,0.00,17.00,0.00,102.00
1,1/27/2026 12:00:00 AM,DL,3702,10397,1039708,30397,11146,1114608,31146,CRW,0907,1031,84.00,0.00,,0.00,79.00,0.00,0.00,0.00
1,1/27/2026 12:00:00 AM,DL,3702,11146,1114608,31146,10397,1039708,30397,ATL,1114,1237,83.00,0.00,,0.00,78.00,0.00,0.00,0.00
1,1/27/2026 12:00:00 AM,DL,3805,11146,1114608,31146,10397,1039708,30397,ATL,0615,1059,284.00,0.00,,0.00,280.00,0.00,0.00,0.00
1,1/27/2026 12:00:00 AM,DL,3810,10397,1039708,30397,11146,1114608,31146,CRW,2115,2228,73.00,0.00,,0.00,73.00,21.00,0.00,0.00
1,1/27/2026 12:00:00 AM,DL,3811,11146,1114608,31146,10397,1039708,30397,ATL,1549,1717,88.00,0.00,,0.00,84.00,0.00,0.00,0.00
1,1/27/2026 12:00:00 AM,DL,3933,10397,1039708,30397,11146,1114608,31146,CRW,1629,1707,38.00,0.00,,0.00,38.00,8.00,0.00,0.00
1,1/27/2026 12:00:00 AM,DL,3933,11146,1114608,31146,10397,1039708,30397,ATL,1833,1923,50.00,0.00,,0.00,23.00,0.00,0.00,0.00
1,1/27/2026 12:00:00 AM,DL,4021,10397,1039708,30397,11146,1114608,31146,CRW,1347,1514,87.00,0.00,,0.00,87.00,6.00,0.00,0.00
1,1/27/2026 12:00:00 AM,UA,4644,11146,1114608,31146,13930,1393008,30977,ORD,1737,1826,49.00,0.00,,0.00,0.00,0.00,0.00,34.00
1,1/27/2026 12:00:00 AM,UA,5025,12264,1226403,30852,13282,1328207,33282,MGW,2219,,,1.00,B,0.00,,,,
1,1/27/2026 12:00:00 AM,UA,5045,13282,1328207,33282,12264,1226403,30852,IAD,2005,,,1.00,B,0.00,,,,
1,1/27/2026 12:00:00 AM,UA,5134,13282,1328207,33282,13930,1393008,30977,ORD,0840,,,1.00,C,0.00,,,,
1,1/27/2026 12:00:00 AM,UA,5138,13930,1393008,30977,13282,1328207,33282,MGW,1620,,,1.00,B,0.00,,,,
1,1/27/2026 12:00:00 AM,UA,5439,13930,1393008,30977,11146,1114608,31146,CRW,1417,1456,39.00,0.00,,0.00,0.00,6.00,0.00,39.00
1,1/27/2026 12:00:00 AM,UA,5790,13930,1393008,30977,11146,1114608,31146,CRW,1809,1828,19.00,0.00,,0.00,19.00,2.00,0.00,0.00
1,1/27/2026 12:00:00 AM,UA,5801,11146,1114608,31146,13930,1393008,30977,ORD,0650,0740,50.00,0.00,,0.00,50.00,14.00,0.00,0.00
1,1/28/2026 12:00:00 AM,AA,5049,11057,1105704,31057,11146,1114608,31146,CRW,1723,1757,34.00,0.00,,0.00,0.00,0.00,0.00,0.00
1,1/28/2026 12:00:00 AM,AA,5049,11146,1114608,31146,11057,1105704,31057,CLT,1912,2016,64.00,0.00,,0.00,31.00,0.00,0.00,22.00
1,1/28/2026 12:00:00 AM,AA,5153,11146,1114608,31146,11278,1127805,30852,DCA,0549,,,1.00,B,0.00,,,,
1,1/28/2026 12:00:00 AM,AA,5231,11146,1114608,31146,11057,1105704,31057,CLT,0745,1419,394.00,0.00,,0.00,0.00,0.00,0.00,358.00
1,1/28/2026 12:00:00 AM,AA,5232,11057,1105704,31057,11146,1114608,31146,CRW,1035,1145,70.00,0.00,,0.00,70.00,39.00,0.00,0.00
1,1/28/2026 12:00:00 AM,AA,5232,11146,1114608,31146,11057,1105704,31057,CLT,1224,1336,72.00,0.00,,0.00,0.00,0.00,0.00,0.00
1,1/28/2026 12:00:00 AM,AA,5263,11057,1105704,31057,11146,1114608,31146,CRW,2154,2151,-3.00,0.00,,0.00,,,,
1,1/28/2026 12:00:00 AM,AA,5367,11278,1127805,30852,11146,1114608,31146,CRW,2040,,,1.00,B,0.00,,,,
1,1/28/2026 12:00:00 AM,AA,5900,11057,1105704,31057,12223,1222305,32223,HTS,1533,1554,21.00,0.00,,0.00,,,,
1,1/28/2026 12:00:00 AM,AA,5900,12223,1222305,32223,11057,1105704,31057,CLT,1720,1727,7.00,0.00,,0.00,,,,
1,1/28/2026 12:00:00 AM,AA,5922,11057,1105704,31057,12223,1222305,32223,HTS,2149,2152,3.00,0.00,,0.00,,,,
1,1/28/2026 12:00:00 AM,AA,5955,12223,1222305,32223,11057,1105704,31057,CLT,0600,0550,-10.00,0.00,,0.00,,,,
1,1/28/2026 12:00:00 AM,AA,5985,11057,1105704,31057,12223,1222305,32223,HTS,0950,0942,-8.00,0.00,,0.00,,,,
1,1/28/2026 12:00:00 AM,AA,5985,12223,1222305,32223,11057,1105704,31057,CLT,1140,1131,-9.00,0.00,,0.00,,,,
1,1/28/2026 12:00:00 AM,DL,3702,10397,1039708,30397,11146,1114608,31146,CRW,0907,1258,231.00,0.00,,0.00,228.00,0.00,0.00,0.00
1,1/28/2026 12:00:00 AM,DL,3702,11146,1114608,31146,10397,1039708,30397,ATL,1114,1507,233.00,0.00,,0.00,210.00,0.00,0.00,0.00
1,1/28/2026 12:00:00 AM,DL,3805,11146,1114608,31146,10397,1039708,30397,ATL,0615,1633,618.00,0.00,,0.00,606.00,0.00,0.00,0.00
1,1/28/2026 12:00:00 AM,DL,3810,10397,1039708,30397,11146,1114608,31146,CRW,2115,2209,54.00,0.00,,0.00,54.00,1.00,0.00,0.00
1,1/28/2026 12:00:00 AM,DL,3811,11146,1114608,31146,10397,1039708,30397,ATL,1549,1620,31.00,0.00,,0.00,22.00,0.00,0.00,0.00
1,1/28/2026 12:00:00 AM,DL,3933,10397,1039708,30397,11146,1114608,31146,CRW,1629,1625,-4.00,0.00,,0.00,,,,
1,1/28/2026 12:00:00 AM,DL,3933,11146,1114608,31146,10397,1039708,30397,ATL,1833,1832,-1.00,0.00,,0.00,,,,
1,1/28/2026 12:00:00 AM,DL,4021,10397,1039708,30397,11146,1114608,31146,CRW,1347,1409,22.00,0.00,,0.00,22.00,5.00,0.00,0.00
1,1/28/2026 12:00:00 AM,UA,4644,11146,1114608,31146,13930,1393008,30977,ORD,1737,1731,-6.00,0.00,,0.00,34.00,0.00,0.00,0.00
1,1/28/2026 12:00:00 AM,UA,5025,12264,1226403,30852,13282,1328207,33282,MGW,2219,,,1.00,B,0.00,,,,
1,1/28/2026 12:00:00 AM,UA,5045,13282,1328207,33282,12264,1226403,30852,IAD,2005,,,1.00,B,0.00,,,,
1,1/28/2026 12:00:00 AM,UA,5134,13282,1328207,33282,13930,1393008,30977,ORD,0840,,,1.00,B,0.00,,,,
1,1/28/2026 12:00:00 AM,UA,5138,13930,1393008,30977,13282,1328207,33282,MGW,1620,,,1.00,B,0.00,,,,
1,1/28/2026 12:00:00 AM,UA,5439,13930,1393008,30977,11146,1114608,31146,CRW,1417,1407,-10.00,0.00,,0.00,,,,
1,1/28/2026 12:00:00 AM,UA,5790,13930,1393008,30977,11146,1114608,31146,CRW,1809,1811,2.00,0.00,,0.00,,,,
1,1/28/2026 12:00:00 AM,UA,5801,11146,1114608,31146,13930,1393008,30977,ORD,0650,0647,-3.00,0.00,,0.00,23.00,0.00,0.00,0.00
1,1/29/2026 12:00:00 AM,AA,5049,11057,1105704,31057,11146,1114608,31146,CRW,1723,1832,69.00,0.00,,0.00,0.00,0.00,0.00,64.00
1,1/29/2026 12:00:00 AM,AA,5049,11146,1114608,31146,11057,1105704,31057,CLT,1912,2013,61.00,0.00,,0.00,0.00,0.00,0.00,46.00
1,1/29/2026 12:00:00 AM,AA,5153,11146,1114608,31146,11278,1127805,30852,DCA,0549,,,1.00,B,0.00,,,,
1,1/29/2026 12:00:00 AM,AA,5231,11146,1114608,31146,11057,1105704,31057,CLT,0745,0739,-6.00,0.00,,0.00,,,,
1,1/29/2026 12:00:00 AM,AA,5232,11057,1105704,31057,11146,1114608,31146,CRW,1035,1051,16.00,0.00,,0.00,,,,
1,1/29/2026 12:00:00 AM,AA,5232,11146,1114608,31146,11057,1105704,31057,CLT,1224,1235,11.00,0.00,,0.00,,,,
1,1/29/2026 12:00:00 AM,AA,5263,11057,1105704,31057,11146,1114608,31146,CRW,2154,2150,-4.00,0.00,,0.00,,,,
1,1/29/2026 12:00:00 AM,AA,5367,11278,1127805,30852,11146,1114608,31146,CRW,2040,2218,98.00,0.00,,0.00,36.00,0.00,0.00,56.00
1,1/29/2026 12:00:00 AM,AA,5900,11057,1105704,31057,12223,1222305,32223,HTS,1533,1526,-7.00,0.00,,0.00,,,,
1,1/29/2026 12:00:00 AM,AA,5900,12223,1222305,32223,11057,1105704,31057,CLT,1720,1707,-13.00,0.00,,0.00,,,,
1,1/29/2026 12:00:00 AM,AA,5922,11057,1105704,31057,12223,1222305,32223,HTS,2149,2141,-8.00,0.00,,0.00,,,,
1,1/29/2026 12:00:00 AM,AA,5955,12223,1222305,32223,11057,1105704,31057,CLT,0600,0551,-9.00,0.00,,0.00,,,,
1,1/29/2026 12:00:00 AM,AA,5985,11057,1105704,31057,12223,1222305,32223,HTS,0950,0943,-7.00,0.00,,0.00,,,,
1,1/29/2026 12:00:00 AM,AA,5985,12223,1222305,32223,11057,1105704,31057,CLT,1140,1129,-11.00,0.00,,0.00,,,,
1,1/29/2026 12:00:00 AM,DL,3702,10397,1039708,30397,11146,1114608,31146,CRW,0907,0939,32.00,0.00,,0.00,0.00,2.00,0.00,0.00
1,1/29/2026 12:00:00 AM,DL,3702,11146,1114608,31146,10397,1039708,30397,ATL,1114,1148,34.00,0.00,,0.00,0.00,0.00,0.00,0.00
1,1/29/2026 12:00:00 AM,DL,3805,11146,1114608,31146,10397,1039708,30397,ATL,0615,1044,269.00,0.00,,0.00,269.00,22.00,0.00,0.00
1,1/29/2026 12:00:00 AM,DL,3810,10397,1039708,30397,11146,1114608,31146,CRW,2115,2220,65.00,0.00,,0.00,47.00,0.00,0.00,0.00
1,1/29/2026 12:00:00 AM,DL,3811,11146,1114608,31146,10397,1039708,30397,ATL,1549,1640,51.00,0.00,,0.00,41.00,0.00,0.00,0.00
1,1/29/2026 12:00:00 AM,DL,3933,10397,1039708,30397,11146,1114608,31146,CRW,1629,1628,-1.00,0.00,,0.00,,,,
1,1/29/2026 12:00:00 AM,DL,3933,11146,1114608,31146,10397,1039708,30397,ATL,1833,1825,-8.00,0.00,,0.00,,,,
1,1/29/2026 12:00:00 AM,DL,4021,10397,1039708,30397,11146,1114608,31146,CRW,1347,1446,59.00,0.00,,0.00,56.00,0.00,0.00,0.00
1,1/29/2026 12:00:00 AM,G4,1245,12223,1222305,32223,14761,1476108,34761,SFB,1413,1738,205.00,0.00,,0.00,94.00,0.00,0.00,105.00
1,1/29/2026 12:00:00 AM,G4,1310,11027,1102705,31027,14761,1476108,34761,SFB,1550,1608,18.00,0.00,,0.00,1.00,27.00,0.00,17.00
1,1/29/2026 12:00:00 AM,G4,2851,14761,1476108,34761,12223,1222305,32223,HTS,1130,1256,86.00,0.00,,0.00,86.00,25.00,0.00,0.00
1,1/29/2026 12:00:00 AM,G4,2923,14761,1476108,34761,11027,1102705,31027,CKB,1258,1258,0.00,0.00,,0.00,0.00,17.00,0.00,0.00
1,1/29/2026 12:00:00 AM,G4,504,12223,1222305,32223,11697,1169707,32467,FLL,2004,2049,45.00,0.00,,0.00,0.00,0.00,0.00,16.00
1,1/29/2026 12:00:00 AM,G4,509,11697,1169707,32467,12223,1222305,32223,HTS,1644,1723,39.00,0.00,,0.00,0.00,0.00,0.00,37.00
1,1/29/2026 12:00:00 AM,UA,4644,11146,1114608,31146,13930,1393008,30977,ORD,1737,1728,-9.00,0.00,,0.00,,,,
1,1/29/2026 12:00:00 AM,UA,5025,12264,1226403,30852,13282,1328207,33282,MGW,2219,,,1.00,B,0.00,,,,
1,1/29/2026 12:00:00 AM,UA,5045,13282,1328207,33282,12264,1226403,30852,IAD,2005,,,1.00,B,0.00,,,,
1,1/29/2026 12:00:00 AM,UA,5134,13282,1328207,33282,13930,1393008,30977,ORD,0840,,,1.00,B,0.00,,,,
1,1/29/2026 12:00:00 AM,UA,5138,13930,1393008,30977,13282,1328207,33282,MGW,1620,,,1.00,B,0.00,,,,
1,1/29/2026 12:00:00 AM,UA,5439,13930,1393008,30977,11146,1114608,31146,CRW,1417,1407,-10.00,0.00,,0.00,,,,
1,1/29/2026 12:00:00 AM,UA,5790,13930,1393008,30977,11146,1114608,31146,CRW,1809,1819,10.00,0.00,,0.00,,,,
1,1/29/2026 12:00:00 AM,UA,5801,11146,1114608,31146,13930,1393008,30977,ORD,0650,0648,-2.00,0.00,,0.00,,,,
1,1/30/2026 12:00:00 AM,AA,5049,11057,1105704,31057,11146,1114608,31146,CRW,1723,2000,157.00,0.00,,0.00,57.00,17.00,0.00,100.00
1,1/30/2026 12:00:00 AM,AA,5049,11146,1114608,31146,11057,1105704,31057,CLT,1912,2205,173.00,0.00,,0.00,0.00,0.00,0.00,149.00
1,1/30/2026 12:00:00 AM,AA,5153,11146,1114608,31146,11278,1127805,30852,DCA,0549,0549,0.00,0.00,,0.00,,,,
1,1/30/2026 12:00:00 AM,AA,5231,11146,1114608,31146,11057,1105704,31057,CLT,0745,0739,-6.00,0.00,,0.00,,,,
1,1/30/2026 12:00:00 AM,AA,5232,11057,1105704,31057,11146,1114608,31146,CRW,1035,1029,-6.00,0.00,,0.00,,,,
1,1/30/2026 12:00:00 AM,AA,5232,11146,1114608,31146,11057,1105704,31057,CLT,1224,1215,-9.00,0.00,,0.00,,,,
1,1/30/2026 12:00:00 AM,AA,5263,11057,1105704,31057,11146,1114608,31146,CRW,2154,,,1.00,B,0.00,,,,
1,1/30/2026 12:00:00 AM,AA,5367,11278,1127805,30852,11146,1114608,31146,CRW,2103,,,1.00,B,0.00,,,,
1,1/30/2026 12:00:00 AM,AA,5900,11057,1105704,31057,12223,1222305,32223,HTS,1533,1524,-9.00,0.00,,0.00,,,,
1,1/30/2026 12:00:00 AM,AA,5900,12223,1222305,32223,11057,1105704,31057,CLT,1720,1711,-9.00,0.00,,0.00,,,,
1,1/30/2026 12:00:00 AM,AA,5922,11057,1105704,31057,12223,1222305,32223,HTS,2149,2245,56.00,0.00,,0.00,40.00,0.00,0.00,0.00
1,1/30/2026 12:00:00 AM,AA,5955,12223,1222305,32223,11057,1105704,31057,CLT,0600,0604,4.00,0.00,,0.00,,,,
1,1/30/2026 12:00:00 AM,AA,5985,11057,1105704,31057,12223,1222305,32223,HTS,0950,0941,-9.00,0.00,,0.00,,,,
1,1/30/2026 12:00:00 AM,AA,5985,12223,1222305,32223,11057,1105704,31057,CLT,1140,1129,-11.00,0.00,,0.00,,,,
1,1/30/2026 12:00:00 AM,DL,3702,10397,1039708,30397,11146,1114608,31146,CRW,0907,0907,0.00,0.00,,0.00,,,,
1,1/30/2026 12:00:00 AM,DL,3702,11146,1114608,31146,10397,1039708,30397,ATL,1114,1105,-9.00,0.00,,0.00,,,,
1,1/30/2026 12:00:00 AM,DL,3805,11146,1114608,31146,10397,1039708,30397,ATL,0615,0614,-1.00,0.00,,0.00,,,,
1,1/30/2026 12:00:00 AM,DL,3810,10397,1039708,30397,11146,1114608,31146,CRW,2115,,,1.00,B,0.00,,,,
1,1/30/2026 12:00:00 AM,DL,3811,11146,1114608,31146,10397,1039708,30397,ATL,1549,1603,14.00,0.00,,0.00,0.00,1.00,0.00,0.00
1,1/30/2026 12:00:00 AM,DL,3933,10397,1039708,30397,11146,1114608,31146,CRW,1629,1623,-6.00,0.00,,0.00,,,,
1,1/30/2026 12:00:00 AM,DL,3933,11146,1114608,31146,10397,1039708,30397,ATL,1833,1835,2.00,0.00,,0.00,,,,
1,1/30/2026 12:00:00 AM,DL,4021,10397,1039708,30397,11146,1114608,31146,CRW,1347,1346,-1.00,0.00,,0.00,20.00,0.00,0.00,0.00
1,1/30/2026 12:00:00 AM,G4,1036,12223,1222305,32223,14112,1411206,33195,PIE,2129,2155,26.00,0.00,,0.00,0.00,0.00,0.00,0.00
1,1/30/2026 12:00:00 AM,G4,2626,14112,1411206,33195,12223,1222305,32223,HTS,1843,1846,3.00,0.00,,0.00,,,,
1,1/30/2026 12:00:00 AM,UA,4644,11146,1114608,31146,13930,1393008,30977,ORD,1737,,,1.00,B,0.00,,,,
1,1/30/2026 12:00:00 AM,UA,5025,12264,1226403,30852,13282,1328207,33282,MGW,2219,,,1.00,B,0.00,,,,
1,1/30/2026 12:00:00 AM,UA,5045,13282,1328207,33282,12264,1226403,30852,IAD,2005,,,1.00,B,0.00,,,,
1,1/30/2026 12:00:00 AM,UA,5134,13282,1328207,33282,13930,1393008,30977,ORD,0840,,,1.00,B,0.00,,,,
1,1/30/2026 12:00:00 AM,UA,5138,13930,1393008,30977,13282,1328207,33282,MGW,1620,,,1.00,B,0.00,,,,
1,1/30/2026 12:00:00 AM,UA,5439,13930,1393008,30977,11146,1114608,31146,CRW,1417,,,1.00,B,0.00,,,,
1,1/30/2026 12:00:00 AM,UA,5790,13930,1393008,30977,11146,1114608,31146,CRW,1809,1804,-5.00,0.00,,0.00,22.00,0.00,0.00,0.00
1,1/30/2026 12:00:00 AM,UA,5801,11146,1114608,31146,13930,1393008,30977,ORD,0650,0647,-3.00,0.00,,0.00,,,,
1,1/31/2026 12:00:00 AM,AA,5049,11057,1105704,31057,11146,1114608,31146,CRW,1723,,,1.00,B,0.00,,,,
1,1/31/2026 12:00:00 AM,AA,5049,11146,1114608,31146,11057,1105704,31057,CLT,1912,,,1.00,B,0.00,,,,
1,1/31/2026 12:00:00 AM,AA,5153,11146,1114608,31146,11278,1127805,30852,DCA,0600,,,1.00,B,0.00,,,,
1,1/31/2026 12:00:00 AM,AA,5231,11146,1114608,31146,11057,1105704,31057,CLT,0745,,,1.00,B,0.00,,,,
1,1/31/2026 12:00:00 AM,AA,5232,11057,1105704,31057,11146,1114608,31146,CRW,1030,,,1.00,B,0.00,,,,
1,1/31/2026 12:00:00 AM,AA,5232,11146,1114608,31146,11057,1105704,31057,CLT,1219,,,1.00,B,0.00,,,,
1,1/31/2026 12:00:00 AM,AA,5263,11057,1105704,31057,11146,1114608,31146,CRW,2204,,,1.00,B,0.00,,,,
1,1/31/2026 12:00:00 AM,AA,5367,11278,1127805,30852,11146,1114608,31146,CRW,1959,,,1.00,B,0.00,,,,
1,1/31/2026 12:00:00 AM,AA,5900,11057,1105704,31057,12223,1222305,32223,HTS,1533,,,1.00,B,0.00,,,,
1,1/31/2026 12:00:00 AM,AA,5900,12223,1222305,32223,11057,1105704,31057,CLT,1720,,,1.00,B,0.00,,,,
1,1/31/2026 12:00:00 AM,AA,5922,11057,1105704,31057,12223,1222305,32223,HTS,2229,,,1.00,B,0.00,,,,
1,1/31/2026 12:00:00 AM,AA,5955,12223,1222305,32223,11057,1105704,31057,CLT,0600,0548,-12.00,0.00,,0.00,,,,
1,1/31/2026 12:00:00 AM,AA,5985,11057,1105704,31057,12223,1222305,32223,HTS,0950,,,1.00,B,0.00,,,,
1,1/31/2026 12:00:00 AM,AA,5985,12223,1222305,32223,11057,1105704,31057,CLT,1140,,,1.00,B,0.00,,,,
1,1/31/2026 12:00:00 AM,DL,3702,10397,1039708,30397,11146,1114608,31146,CRW,0907,,,1.00,B,0.00,,,,
1,1/31/2026 12:00:00 AM,DL,3702,11146,1114608,31146,10397,1039708,30397,ATL,1114,,,1.00,B,0.00,,,,
1,1/31/2026 12:00:00 AM,DL,3805,11146,1114608,31146,10397,1039708,30397,ATL,0615,,,1.00,B,0.00,,,,
1,1/31/2026 12:00:00 AM,DL,3811,11146,1114608,31146,10397,1039708,30397,ATL,1600,,,1.00,B,0.00,,,,
1,1/31/2026 12:00:00 AM,DL,4021,10397,1039708,30397,11146,1114608,31146,CRW,1347,,,1.00,B,0.00,,,,
1,1/31/2026 12:00:00 AM,DL,5165,10397,1039708,30397,11146,1114608,31146,CRW,2027,,,1.00,A,0.00,,,,
1,1/31/2026 12:00:00 AM,UA,4644,11146,1114608,31146,13930,1393008,30977,ORD,1737,2026,169.00,0.00,,0.00,0.00,0.00,0.00,149.00
1,1/31/2026 12:00:00 AM,UA,5025,12264,1226403,30852,13282,1328207,33282,MGW,2219,,,1.00,C,0.00,,,,
1,1/31/2026 12:00:00 AM,UA,5045,13282,1328207,33282,12264,1226403,30852,IAD,2005,,,1.00,C,0.00,,,,
1,1/31/2026 12:00:00 AM,UA,5134,13282,1328207,33282,13930,1393008,30977,ORD,0840,,,1.00,B,0.00,,,,
1,1/31/2026 12:00:00 AM,UA,5138,13930,1393008,30977,13282,1328207,33282,MGW,1620,,,1.00,C,0.00,,,,
1,1/31/2026 12:00:00 AM,UA,5439,13930,1393008,30977,11146,1114608,31146,CRW,1417,1521,64.00,0.00,,1.00,,,,
1,1/31/2026 12:00:00 AM,UA,5790,13930,1393008,30977,11146,1114608,31146,CRW,1809,1759,-10.00,0.00,,0.00,,,,
1,1/31/2026 12:00:00 AM,UA,5801,11146,1114608,31146,13930,1393008,30977,ORD,0650,0650,0.00,0.00,,0.00,,,,
